=== RUN   TestNET05ExplicitAPIHostUsesConfiguredTokenFile
--- PASS: TestNET05ExplicitAPIHostUsesConfiguredTokenFile (0.00s)
=== RUN   TestNET05OwnerAcceptsAPIOmissionOfEmptyVolumeLists
--- PASS: TestNET05OwnerAcceptsAPIOmissionOfEmptyVolumeLists (0.00s)
=== RUN   TestNET05OwnerObservesTypedListItemsWithoutTypeMeta
--- PASS: TestNET05OwnerObservesTypedListItemsWithoutTypeMeta (0.00s)
PASS
ok  	github.com/kubercloud/ani/pkg/adapters/runtime	0.021s
=== RUN   TestNET05PublicContainerReachesOwnerAcceptance
--- PASS: TestNET05PublicContainerReachesOwnerAcceptance (0.00s)
=== RUN   TestNET05LegacyNetworkDefaultsRemainOutsideExplicitContainer
--- PASS: TestNET05LegacyNetworkDefaultsRemainOutsideExplicitContainer (0.00s)
=== RUN   TestNetworkLifecycleExplicitInstanceRejectsInvalidScopeBeforeWrites
=== RUN   TestNetworkLifecycleExplicitInstanceRejectsInvalidScopeBeforeWrites/missing-tenant
2026/09/10 11:25:27.423650 engine.go:668: [Debug] HERTZ: Method=POST   absolutePath=/api/v1/instances         --> handlerName=github.com/kubercloud/ani/services/ani-gateway/internal/router.(*instanceAPI).create-fm (num=2 handlers)
=== RUN   TestNetworkLifecycleExplicitInstanceRejectsInvalidScopeBeforeWrites/invalid-tenant
2026/09/10 11:25:27.469631 engine.go:668: [Debug] HERTZ: Method=POST   absolutePath=/api/v1/instances         --> handlerName=github.com/kubercloud/ani/services/ani-gateway/internal/router.(*instanceAPI).create-fm (num=2 handlers)
=== RUN   TestNetworkLifecycleExplicitInstanceRejectsInvalidScopeBeforeWrites/zero-tenant
2026/09/10 11:25:27.469856 engine.go:668: [Debug] HERTZ: Method=POST   absolutePath=/api/v1/instances         --> handlerName=github.com/kubercloud/ani/services/ani-gateway/internal/router.(*instanceAPI).create-fm (num=2 handlers)
=== RUN   TestNetworkLifecycleExplicitInstanceRejectsInvalidScopeBeforeWrites/missing-context
2026/09/10 11:25:27.470081 engine.go:668: [Debug] HERTZ: Method=POST   absolutePath=/api/v1/instances         --> handlerName=github.com/kubercloud/ani/services/ani-gateway/internal/router.(*instanceAPI).create-fm (num=2 handlers)
=== RUN   TestNetworkLifecycleExplicitInstanceRejectsInvalidScopeBeforeWrites/mismatched-tenant
2026/09/10 11:25:27.470509 engine.go:668: [Debug] HERTZ: Method=POST   absolutePath=/api/v1/instances         --> handlerName=github.com/kubercloud/ani/services/ani-gateway/internal/router.(*instanceAPI).create-fm (num=2 handlers)
=== RUN   TestNetworkLifecycleExplicitInstanceRejectsInvalidScopeBeforeWrites/missing-user
2026/09/10 11:25:27.470640 engine.go:668: [Debug] HERTZ: Method=POST   absolutePath=/api/v1/instances         --> handlerName=github.com/kubercloud/ani/services/ani-gateway/internal/router.(*instanceAPI).create-fm (num=2 handlers)
=== RUN   TestNetworkLifecycleExplicitInstanceRejectsInvalidScopeBeforeWrites/invalid-user
2026/09/10 11:25:27.470794 engine.go:668: [Debug] HERTZ: Method=POST   absolutePath=/api/v1/instances         --> handlerName=github.com/kubercloud/ani/services/ani-gateway/internal/router.(*instanceAPI).create-fm (num=2 handlers)
=== RUN   TestNetworkLifecycleExplicitInstanceRejectsInvalidScopeBeforeWrites/zero-user
2026/09/10 11:25:27.470908 engine.go:668: [Debug] HERTZ: Method=POST   absolutePath=/api/v1/instances         --> handlerName=github.com/kubercloud/ani/services/ani-gateway/internal/router.(*instanceAPI).create-fm (num=2 handlers)
=== RUN   TestNetworkLifecycleExplicitInstanceRejectsInvalidScopeBeforeWrites/mismatched-user
2026/09/10 11:25:27.471032 engine.go:668: [Debug] HERTZ: Method=POST   absolutePath=/api/v1/instances         --> handlerName=github.com/kubercloud/ani/services/ani-gateway/internal/router.(*instanceAPI).create-fm (num=2 handlers)
=== RUN   TestNetworkLifecycleExplicitInstanceRejectsInvalidScopeBeforeWrites/body-tenant
2026/09/10 11:25:27.471135 engine.go:668: [Debug] HERTZ: Method=POST   absolutePath=/api/v1/instances         --> handlerName=github.com/kubercloud/ani/services/ani-gateway/internal/router.(*instanceAPI).create-fm (num=2 handlers)
=== RUN   TestNetworkLifecycleExplicitInstanceRejectsInvalidScopeBeforeWrites/valid
2026/09/10 11:25:27.471741 engine.go:668: [Debug] HERTZ: Method=POST   absolutePath=/api/v1/instances         --> handlerName=github.com/kubercloud/ani/services/ani-gateway/internal/router.(*instanceAPI).create-fm (num=2 handlers)
--- PASS: TestNetworkLifecycleExplicitInstanceRejectsInvalidScopeBeforeWrites (0.05s)
    --- PASS: TestNetworkLifecycleExplicitInstanceRejectsInvalidScopeBeforeWrites/missing-tenant (0.05s)
    --- PASS: TestNetworkLifecycleExplicitInstanceRejectsInvalidScopeBeforeWrites/invalid-tenant (0.00s)
    --- PASS: TestNetworkLifecycleExplicitInstanceRejectsInvalidScopeBeforeWrites/zero-tenant (0.00s)
    --- PASS: TestNetworkLifecycleExplicitInstanceRejectsInvalidScopeBeforeWrites/missing-context (0.00s)
    --- PASS: TestNetworkLifecycleExplicitInstanceRejectsInvalidScopeBeforeWrites/mismatched-tenant (0.00s)
    --- PASS: TestNetworkLifecycleExplicitInstanceRejectsInvalidScopeBeforeWrites/missing-user (0.00s)
    --- PASS: TestNetworkLifecycleExplicitInstanceRejectsInvalidScopeBeforeWrites/invalid-user (0.00s)
    --- PASS: TestNetworkLifecycleExplicitInstanceRejectsInvalidScopeBeforeWrites/zero-user (0.00s)
    --- PASS: TestNetworkLifecycleExplicitInstanceRejectsInvalidScopeBeforeWrites/mismatched-user (0.00s)
    --- PASS: TestNetworkLifecycleExplicitInstanceRejectsInvalidScopeBeforeWrites/body-tenant (0.00s)
    --- PASS: TestNetworkLifecycleExplicitInstanceRejectsInvalidScopeBeforeWrites/valid (0.00s)
=== RUN   TestNET05NetworkRoutesRejectInvalidTenantContextBeforeRPC
=== RUN   TestNET05NetworkRoutesRejectInvalidTenantContextBeforeRPC/missing/POST/networks/vpcs
2026/09/10 11:25:27.472363 engine.go:668: [Debug] HERTZ: Method=POST   absolutePath=/api/v1/networks/vpcs     --> handlerName=github.com/kubercloud/ani/services/ani-gateway/internal/router.(*networkLifecycleAPI).createVPC-fm (num=2 handlers)
2026/09/10 11:25:27.472382 engine.go:668: [Debug] HERTZ: Method=GET    absolutePath=/api/v1/networks/vpcs     --> handlerName=github.com/kubercloud/ani/services/ani-gateway/internal/router.(*networkLifecycleAPI).listVPCs-fm (num=2 handlers)
2026/09/10 11:25:27.472397 engine.go:668: [Debug] HERTZ: Method=GET    absolutePath=/api/v1/networks/vpcs/:vpc_id --> handlerName=github.com/kubercloud/ani/services/ani-gateway/internal/router.(*networkLifecycleAPI).getVPC-fm (num=2 handlers)
2026/09/10 11:25:27.472408 engine.go:668: [Debug] HERTZ: Method=DELETE absolutePath=/api/v1/networks/vpcs/:vpc_id --> handlerName=github.com/kubercloud/ani/services/ani-gateway/internal/router.(*networkLifecycleAPI).deleteVPC-fm (num=2 handlers)
2026/09/10 11:25:27.472418 engine.go:668: [Debug] HERTZ: Method=POST   absolutePath=/api/v1/networks/subnets  --> handlerName=github.com/kubercloud/ani/services/ani-gateway/internal/router.(*networkLifecycleAPI).createSubnet-fm (num=2 handlers)
2026/09/10 11:25:27.472441 engine.go:668: [Debug] HERTZ: Method=GET    absolutePath=/api/v1/networks/subnets  --> handlerName=github.com/kubercloud/ani/services/ani-gateway/internal/router.(*networkLifecycleAPI).listSubnets-fm (num=2 handlers)
2026/09/10 11:25:27.472451 engine.go:668: [Debug] HERTZ: Method=GET    absolutePath=/api/v1/networks/subnets/:subnet_id --> handlerName=github.com/kubercloud/ani/services/ani-gateway/internal/router.(*networkLifecycleAPI).getSubnet-fm (num=2 handlers)
2026/09/10 11:25:27.472468 engine.go:668: [Debug] HERTZ: Method=DELETE absolutePath=/api/v1/networks/subnets/:subnet_id --> handlerName=github.com/kubercloud/ani/services/ani-gateway/internal/router.(*networkLifecycleAPI).deleteSubnet-fm (num=2 handlers)
2026/09/10 11:25:27.472473 engine.go:668: [Debug] HERTZ: Method=GET    absolutePath=/api/v1/networks/operations/:operation_id --> handlerName=github.com/kubercloud/ani/services/ani-gateway/internal/router.(*networkLifecycleAPI).getOperation-fm (num=2 handlers)
=== RUN   TestNET05NetworkRoutesRejectInvalidTenantContextBeforeRPC/missing/GET/networks/vpcs
2026/09/10 11:25:27.472709 engine.go:668: [Debug] HERTZ: Method=POST   absolutePath=/api/v1/networks/vpcs     --> handlerName=github.com/kubercloud/ani/services/ani-gateway/internal/router.(*networkLifecycleAPI).createVPC-fm (num=2 handlers)
2026/09/10 11:25:27.472741 engine.go:668: [Debug] HERTZ: Method=GET    absolutePath=/api/v1/networks/vpcs     --> handlerName=github.com/kubercloud/ani/services/ani-gateway/internal/router.(*networkLifecycleAPI).listVPCs-fm (num=2 handlers)
2026/09/10 11:25:27.472751 engine.go:668: [Debug] HERTZ: Method=GET    absolutePath=/api/v1/networks/vpcs/:vpc_id --> handlerName=github.com/kubercloud/ani/services/ani-gateway/internal/router.(*networkLifecycleAPI).getVPC-fm (num=2 handlers)
2026/09/10 11:25:27.472756 engine.go:668: [Debug] HERTZ: Method=DELETE absolutePath=/api/v1/networks/vpcs/:vpc_id --> handlerName=github.com/kubercloud/ani/services/ani-gateway/internal/router.(*networkLifecycleAPI).deleteVPC-fm (num=2 handlers)
2026/09/10 11:25:27.472763 engine.go:668: [Debug] HERTZ: Method=POST   absolutePath=/api/v1/networks/subnets  --> handlerName=github.com/kubercloud/ani/services/ani-gateway/internal/router.(*networkLifecycleAPI).createSubnet-fm (num=2 handlers)
2026/09/10 11:25:27.472796 engine.go:668: [Debug] HERTZ: Method=GET    absolutePath=/api/v1/networks/subnets  --> handlerName=github.com/kubercloud/ani/services/ani-gateway/internal/router.(*networkLifecycleAPI).listSubnets-fm (num=2 handlers)
2026/09/10 11:25:27.472801 engine.go:668: [Debug] HERTZ: Method=GET    absolutePath=/api/v1/networks/subnets/:subnet_id --> handlerName=github.com/kubercloud/ani/services/ani-gateway/internal/router.(*networkLifecycleAPI).getSubnet-fm (num=2 handlers)
2026/09/10 11:25:27.472809 engine.go:668: [Debug] HERTZ: Method=DELETE absolutePath=/api/v1/networks/subnets/:subnet_id --> handlerName=github.com/kubercloud/ani/services/ani-gateway/internal/router.(*networkLifecycleAPI).deleteSubnet-fm (num=2 handlers)
2026/09/10 11:25:27.472814 engine.go:668: [Debug] HERTZ: Method=GET    absolutePath=/api/v1/networks/operations/:operation_id --> handlerName=github.com/kubercloud/ani/services/ani-gateway/internal/router.(*networkLifecycleAPI).getOperation-fm (num=2 handlers)
=== RUN   TestNET05NetworkRoutesRejectInvalidTenantContextBeforeRPC/missing/GET/networks/vpcs/vpc_00000000000000000000000000000001
2026/09/10 11:25:27.473526 engine.go:668: [Debug] HERTZ: Method=POST   absolutePath=/api/v1/networks/vpcs     --> handlerName=github.com/kubercloud/ani/services/ani-gateway/internal/router.(*networkLifecycleAPI).createVPC-fm (num=2 handlers)
2026/09/10 11:25:27.473541 engine.go:668: [Debug] HERTZ: Method=GET    absolutePath=/api/v1/networks/vpcs     --> handlerName=github.com/kubercloud/ani/services/ani-gateway/internal/router.(*networkLifecycleAPI).listVPCs-fm (num=2 handlers)
2026/09/10 11:25:27.473546 engine.go:668: [Debug] HERTZ: Method=GET    absolutePath=/api/v1/networks/vpcs/:vpc_id --> handlerName=github.com/kubercloud/ani/services/ani-gateway/internal/router.(*networkLifecycleAPI).getVPC-fm (num=2 handlers)
2026/09/10 11:25:27.473551 engine.go:668: [Debug] HERTZ: Method=DELETE absolutePath=/api/v1/networks/vpcs/:vpc_id --> handlerName=github.com/kubercloud/ani/services/ani-gateway/internal/router.(*networkLifecycleAPI).deleteVPC-fm (num=2 handlers)
2026/09/10 11:25:27.473573 engine.go:668: [Debug] HERTZ: Method=POST   absolutePath=/api/v1/networks/subnets  --> handlerName=github.com/kubercloud/ani/services/ani-gateway/internal/router.(*networkLifecycleAPI).createSubnet-fm (num=2 handlers)
2026/09/10 11:25:27.473581 engine.go:668: [Debug] HERTZ: Method=GET    absolutePath=/api/v1/networks/subnets  --> handlerName=github.com/kubercloud/ani/services/ani-gateway/internal/router.(*networkLifecycleAPI).listSubnets-fm (num=2 handlers)
2026/09/10 11:25:27.473592 engine.go:668: [Debug] HERTZ: Method=GET    absolutePath=/api/v1/networks/subnets/:subnet_id --> handlerName=github.com/kubercloud/ani/services/ani-gateway/internal/router.(*networkLifecycleAPI).getSubnet-fm (num=2 handlers)
2026/09/10 11:25:27.473613 engine.go:668: [Debug] HERTZ: Method=DELETE absolutePath=/api/v1/networks/subnets/:subnet_id --> handlerName=github.com/kubercloud/ani/services/ani-gateway/internal/router.(*networkLifecycleAPI).deleteSubnet-fm (num=2 handlers)
2026/09/10 11:25:27.473617 engine.go:668: [Debug] HERTZ: Method=GET    absolutePath=/api/v1/networks/operations/:operation_id --> handlerName=github.com/kubercloud/ani/services/ani-gateway/internal/router.(*networkLifecycleAPI).getOperation-fm (num=2 handlers)
=== RUN   TestNET05NetworkRoutesRejectInvalidTenantContextBeforeRPC/missing/DELETE/networks/vpcs/vpc_00000000000000000000000000000001
2026/09/10 11:25:27.473709 engine.go:668: [Debug] HERTZ: Method=POST   absolutePath=/api/v1/networks/vpcs     --> handlerName=github.com/kubercloud/ani/services/ani-gateway/internal/router.(*networkLifecycleAPI).createVPC-fm (num=2 handlers)
2026/09/10 11:25:27.473718 engine.go:668: [Debug] HERTZ: Method=GET    absolutePath=/api/v1/networks/vpcs     --> handlerName=github.com/kubercloud/ani/services/ani-gateway/internal/router.(*networkLifecycleAPI).listVPCs-fm (num=2 handlers)
2026/09/10 11:25:27.473722 engine.go:668: [Debug] HERTZ: Method=GET    absolutePath=/api/v1/networks/vpcs/:vpc_id --> handlerName=github.com/kubercloud/ani/services/ani-gateway/internal/router.(*networkLifecycleAPI).getVPC-fm (num=2 handlers)
2026/09/10 11:25:27.473731 engine.go:668: [Debug] HERTZ: Method=DELETE absolutePath=/api/v1/networks/vpcs/:vpc_id --> handlerName=github.com/kubercloud/ani/services/ani-gateway/internal/router.(*networkLifecycleAPI).deleteVPC-fm (num=2 handlers)
2026/09/10 11:25:27.473735 engine.go:668: [Debug] HERTZ: Method=POST   absolutePath=/api/v1/networks/subnets  --> handlerName=github.com/kubercloud/ani/services/ani-gateway/internal/router.(*networkLifecycleAPI).createSubnet-fm (num=2 handlers)
2026/09/10 11:25:27.473743 engine.go:668: [Debug] HERTZ: Method=GET    absolutePath=/api/v1/networks/subnets  --> handlerName=github.com/kubercloud/ani/services/ani-gateway/internal/router.(*networkLifecycleAPI).listSubnets-fm (num=2 handlers)
2026/09/10 11:25:27.473747 engine.go:668: [Debug] HERTZ: Method=GET    absolutePath=/api/v1/networks/subnets/:subnet_id --> handlerName=github.com/kubercloud/ani/services/ani-gateway/internal/router.(*networkLifecycleAPI).getSubnet-fm (num=2 handlers)
2026/09/10 11:25:27.473755 engine.go:668: [Debug] HERTZ: Method=DELETE absolutePath=/api/v1/networks/subnets/:subnet_id --> handlerName=github.com/kubercloud/ani/services/ani-gateway/internal/router.(*networkLifecycleAPI).deleteSubnet-fm (num=2 handlers)
2026/09/10 11:25:27.473774 engine.go:668: [Debug] HERTZ: Method=GET    absolutePath=/api/v1/networks/operations/:operation_id --> handlerName=github.com/kubercloud/ani/services/ani-gateway/internal/router.(*networkLifecycleAPI).getOperation-fm (num=2 handlers)
=== RUN   TestNET05NetworkRoutesRejectInvalidTenantContextBeforeRPC/missing/POST/networks/subnets
2026/09/10 11:25:27.473855 engine.go:668: [Debug] HERTZ: Method=POST   absolutePath=/api/v1/networks/vpcs     --> handlerName=github.com/kubercloud/ani/services/ani-gateway/internal/router.(*networkLifecycleAPI).createVPC-fm (num=2 handlers)
2026/09/10 11:25:27.473865 engine.go:668: [Debug] HERTZ: Method=GET    absolutePath=/api/v1/networks/vpcs     --> handlerName=github.com/kubercloud/ani/services/ani-gateway/internal/router.(*networkLifecycleAPI).listVPCs-fm (num=2 handlers)
2026/09/10 11:25:27.473869 engine.go:668: [Debug] HERTZ: Method=GET    absolutePath=/api/v1/networks/vpcs/:vpc_id --> handlerName=github.com/kubercloud/ani/services/ani-gateway/internal/router.(*networkLifecycleAPI).getVPC-fm (num=2 handlers)
2026/09/10 11:25:27.473873 engine.go:668: [Debug] HERTZ: Method=DELETE absolutePath=/api/v1/networks/vpcs/:vpc_id --> handlerName=github.com/kubercloud/ani/services/ani-gateway/internal/router.(*networkLifecycleAPI).deleteVPC-fm (num=2 handlers)
2026/09/10 11:25:27.473877 engine.go:668: [Debug] HERTZ: Method=POST   absolutePath=/api/v1/networks/subnets  --> handlerName=github.com/kubercloud/ani/services/ani-gateway/internal/router.(*networkLifecycleAPI).createSubnet-fm (num=2 handlers)
2026/09/10 11:25:27.473884 engine.go:668: [Debug] HERTZ: Method=GET    absolutePath=/api/v1/networks/subnets  --> handlerName=github.com/kubercloud/ani/services/ani-gateway/internal/router.(*networkLifecycleAPI).listSubnets-fm (num=2 handlers)
2026/09/10 11:25:27.473889 engine.go:668: [Debug] HERTZ: Method=GET    absolutePath=/api/v1/networks/subnets/:subnet_id --> handlerName=github.com/kubercloud/ani/services/ani-gateway/internal/router.(*networkLifecycleAPI).getSubnet-fm (num=2 handlers)
2026/09/10 11:25:27.473892 engine.go:668: [Debug] HERTZ: Method=DELETE absolutePath=/api/v1/networks/subnets/:subnet_id --> handlerName=github.com/kubercloud/ani/services/ani-gateway/internal/router.(*networkLifecycleAPI).deleteSubnet-fm (num=2 handlers)
2026/09/10 11:25:27.473896 engine.go:668: [Debug] HERTZ: Method=GET    absolutePath=/api/v1/networks/operations/:operation_id --> handlerName=github.com/kubercloud/ani/services/ani-gateway/internal/router.(*networkLifecycleAPI).getOperation-fm (num=2 handlers)
=== RUN   TestNET05NetworkRoutesRejectInvalidTenantContextBeforeRPC/missing/GET/networks/subnets
2026/09/10 11:25:27.473999 engine.go:668: [Debug] HERTZ: Method=POST   absolutePath=/api/v1/networks/vpcs     --> handlerName=github.com/kubercloud/ani/services/ani-gateway/internal/router.(*networkLifecycleAPI).createVPC-fm (num=2 handlers)
2026/09/10 11:25:27.474008 engine.go:668: [Debug] HERTZ: Method=GET    absolutePath=/api/v1/networks/vpcs     --> handlerName=github.com/kubercloud/ani/services/ani-gateway/internal/router.(*networkLifecycleAPI).listVPCs-fm (num=2 handlers)
2026/09/10 11:25:27.474013 engine.go:668: [Debug] HERTZ: Method=GET    absolutePath=/api/v1/networks/vpcs/:vpc_id --> handlerName=github.com/kubercloud/ani/services/ani-gateway/internal/router.(*networkLifecycleAPI).getVPC-fm (num=2 handlers)
2026/09/10 11:25:27.474017 engine.go:668: [Debug] HERTZ: Method=DELETE absolutePath=/api/v1/networks/vpcs/:vpc_id --> handlerName=github.com/kubercloud/ani/services/ani-gateway/internal/router.(*networkLifecycleAPI).deleteVPC-fm (num=2 handlers)
2026/09/10 11:25:27.474021 engine.go:668: [Debug] HERTZ: Method=POST   absolutePath=/api/v1/networks/subnets  --> handlerName=github.com/kubercloud/ani/services/ani-gateway/internal/router.(*networkLifecycleAPI).createSubnet-fm (num=2 handlers)
2026/09/10 11:25:27.474028 engine.go:668: [Debug] HERTZ: Method=GET    absolutePath=/api/v1/networks/subnets  --> handlerName=github.com/kubercloud/ani/services/ani-gateway/internal/router.(*networkLifecycleAPI).listSubnets-fm (num=2 handlers)
2026/09/10 11:25:27.474032 engine.go:668: [Debug] HERTZ: Method=GET    absolutePath=/api/v1/networks/subnets/:subnet_id --> handlerName=github.com/kubercloud/ani/services/ani-gateway/internal/router.(*networkLifecycleAPI).getSubnet-fm (num=2 handlers)
2026/09/10 11:25:27.474046 engine.go:668: [Debug] HERTZ: Method=DELETE absolutePath=/api/v1/networks/subnets/:subnet_id --> handlerName=github.com/kubercloud/ani/services/ani-gateway/internal/router.(*networkLifecycleAPI).deleteSubnet-fm (num=2 handlers)
2026/09/10 11:25:27.474054 engine.go:668: [Debug] HERTZ: Method=GET    absolutePath=/api/v1/networks/operations/:operation_id --> handlerName=github.com/kubercloud/ani/services/ani-gateway/internal/router.(*networkLifecycleAPI).getOperation-fm (num=2 handlers)
=== RUN   TestNET05NetworkRoutesRejectInvalidTenantContextBeforeRPC/missing/GET/networks/subnets/subnet_00000000000000000000000000000001
2026/09/10 11:25:27.474133 engine.go:668: [Debug] HERTZ: Method=POST   absolutePath=/api/v1/networks/vpcs     --> handlerName=github.com/kubercloud/ani/services/ani-gateway/internal/router.(*networkLifecycleAPI).createVPC-fm (num=2 handlers)
2026/09/10 11:25:27.474143 engine.go:668: [Debug] HERTZ: Method=GET    absolutePath=/api/v1/networks/vpcs     --> handlerName=github.com/kubercloud/ani/services/ani-gateway/internal/router.(*networkLifecycleAPI).listVPCs-fm (num=2 handlers)
2026/09/10 11:25:27.474152 engine.go:668: [Debug] HERTZ: Method=GET    absolutePath=/api/v1/networks/vpcs/:vpc_id --> handlerName=github.com/kubercloud/ani/services/ani-gateway/internal/router.(*networkLifecycleAPI).getVPC-fm (num=2 handlers)
2026/09/10 11:25:27.474156 engine.go:668: [Debug] HERTZ: Method=DELETE absolutePath=/api/v1/networks/vpcs/:vpc_id --> handlerName=github.com/kubercloud/ani/services/ani-gateway/internal/router.(*networkLifecycleAPI).deleteVPC-fm (num=2 handlers)
2026/09/10 11:25:27.474184 engine.go:668: [Debug] HERTZ: Method=POST   absolutePath=/api/v1/networks/subnets  --> handlerName=github.com/kubercloud/ani/services/ani-gateway/internal/router.(*networkLifecycleAPI).createSubnet-fm (num=2 handlers)
2026/09/10 11:25:27.474189 engine.go:668: [Debug] HERTZ: Method=GET    absolutePath=/api/v1/networks/subnets  --> handlerName=github.com/kubercloud/ani/services/ani-gateway/internal/router.(*networkLifecycleAPI).listSubnets-fm (num=2 handlers)
2026/09/10 11:25:27.474192 engine.go:668: [Debug] HERTZ: Method=GET    absolutePath=/api/v1/networks/subnets/:subnet_id --> handlerName=github.com/kubercloud/ani/services/ani-gateway/internal/router.(*networkLifecycleAPI).getSubnet-fm (num=2 handlers)
2026/09/10 11:25:27.474196 engine.go:668: [Debug] HERTZ: Method=DELETE absolutePath=/api/v1/networks/subnets/:subnet_id --> handlerName=github.com/kubercloud/ani/services/ani-gateway/internal/router.(*networkLifecycleAPI).deleteSubnet-fm (num=2 handlers)
2026/09/10 11:25:27.474200 engine.go:668: [Debug] HERTZ: Method=GET    absolutePath=/api/v1/networks/operations/:operation_id --> handlerName=github.com/kubercloud/ani/services/ani-gateway/internal/router.(*networkLifecycleAPI).getOperation-fm (num=2 handlers)
=== RUN   TestNET05NetworkRoutesRejectInvalidTenantContextBeforeRPC/missing/DELETE/networks/subnets/subnet_00000000000000000000000000000001
2026/09/10 11:25:27.474289 engine.go:668: [Debug] HERTZ: Method=POST   absolutePath=/api/v1/networks/vpcs     --> handlerName=github.com/kubercloud/ani/services/ani-gateway/internal/router.(*networkLifecycleAPI).createVPC-fm (num=2 handlers)
2026/09/10 11:25:27.474308 engine.go:668: [Debug] HERTZ: Method=GET    absolutePath=/api/v1/networks/vpcs     --> handlerName=github.com/kubercloud/ani/services/ani-gateway/internal/router.(*networkLifecycleAPI).listVPCs-fm (num=2 handlers)
2026/09/10 11:25:27.474312 engine.go:668: [Debug] HERTZ: Method=GET    absolutePath=/api/v1/networks/vpcs/:vpc_id --> handlerName=github.com/kubercloud/ani/services/ani-gateway/internal/router.(*networkLifecycleAPI).getVPC-fm (num=2 handlers)
2026/09/10 11:25:27.474316 engine.go:668: [Debug] HERTZ: Method=DELETE absolutePath=/api/v1/networks/vpcs/:vpc_id --> handlerName=github.com/kubercloud/ani/services/ani-gateway/internal/router.(*networkLifecycleAPI).deleteVPC-fm (num=2 handlers)
2026/09/10 11:25:27.474320 engine.go:668: [Debug] HERTZ: Method=POST   absolutePath=/api/v1/networks/subnets  --> handlerName=github.com/kubercloud/ani/services/ani-gateway/internal/router.(*networkLifecycleAPI).createSubnet-fm (num=2 handlers)
2026/09/10 11:25:27.474328 engine.go:668: [Debug] HERTZ: Method=GET    absolutePath=/api/v1/networks/subnets  --> handlerName=github.com/kubercloud/ani/services/ani-gateway/internal/router.(*networkLifecycleAPI).listSubnets-fm (num=2 handlers)
2026/09/10 11:25:27.474341 engine.go:668: [Debug] HERTZ: Method=GET    absolutePath=/api/v1/networks/subnets/:subnet_id --> handlerName=github.com/kubercloud/ani/services/ani-gateway/internal/router.(*networkLifecycleAPI).getSubnet-fm (num=2 handlers)
2026/09/10 11:25:27.474355 engine.go:668: [Debug] HERTZ: Method=DELETE absolutePath=/api/v1/networks/subnets/:subnet_id --> handlerName=github.com/kubercloud/ani/services/ani-gateway/internal/router.(*networkLifecycleAPI).deleteSubnet-fm (num=2 handlers)
2026/09/10 11:25:27.474369 engine.go:668: [Debug] HERTZ: Method=GET    absolutePath=/api/v1/networks/operations/:operation_id --> handlerName=github.com/kubercloud/ani/services/ani-gateway/internal/router.(*networkLifecycleAPI).getOperation-fm (num=2 handlers)
=== RUN   TestNET05NetworkRoutesRejectInvalidTenantContextBeforeRPC/missing/GET/networks/operations/00000000-0000-4000-8000-000000000001
2026/09/10 11:25:27.474465 engine.go:668: [Debug] HERTZ: Method=POST   absolutePath=/api/v1/networks/vpcs     --> handlerName=github.com/kubercloud/ani/services/ani-gateway/internal/router.(*networkLifecycleAPI).createVPC-fm (num=2 handlers)
2026/09/10 11:25:27.474478 engine.go:668: [Debug] HERTZ: Method=GET    absolutePath=/api/v1/networks/vpcs     --> handlerName=github.com/kubercloud/ani/services/ani-gateway/internal/router.(*networkLifecycleAPI).listVPCs-fm (num=2 handlers)
2026/09/10 11:25:27.474482 engine.go:668: [Debug] HERTZ: Method=GET    absolutePath=/api/v1/networks/vpcs/:vpc_id --> handlerName=github.com/kubercloud/ani/services/ani-gateway/internal/router.(*networkLifecycleAPI).getVPC-fm (num=2 handlers)
2026/09/10 11:25:27.474491 engine.go:668: [Debug] HERTZ: Method=DELETE absolutePath=/api/v1/networks/vpcs/:vpc_id --> handlerName=github.com/kubercloud/ani/services/ani-gateway/internal/router.(*networkLifecycleAPI).deleteVPC-fm (num=2 handlers)
2026/09/10 11:25:27.474495 engine.go:668: [Debug] HERTZ: Method=POST   absolutePath=/api/v1/networks/subnets  --> handlerName=github.com/kubercloud/ani/services/ani-gateway/internal/router.(*networkLifecycleAPI).createSubnet-fm (num=2 handlers)
2026/09/10 11:25:27.474503 engine.go:668: [Debug] HERTZ: Method=GET    absolutePath=/api/v1/networks/subnets  --> handlerName=github.com/kubercloud/ani/services/ani-gateway/internal/router.(*networkLifecycleAPI).listSubnets-fm (num=2 handlers)
2026/09/10 11:25:27.474507 engine.go:668: [Debug] HERTZ: Method=GET    absolutePath=/api/v1/networks/subnets/:subnet_id --> handlerName=github.com/kubercloud/ani/services/ani-gateway/internal/router.(*networkLifecycleAPI).getSubnet-fm (num=2 handlers)
2026/09/10 11:25:27.474510 engine.go:668: [Debug] HERTZ: Method=DELETE absolutePath=/api/v1/networks/subnets/:subnet_id --> handlerName=github.com/kubercloud/ani/services/ani-gateway/internal/router.(*networkLifecycleAPI).deleteSubnet-fm (num=2 handlers)
2026/09/10 11:25:27.474513 engine.go:668: [Debug] HERTZ: Method=GET    absolutePath=/api/v1/networks/operations/:operation_id --> handlerName=github.com/kubercloud/ani/services/ani-gateway/internal/router.(*networkLifecycleAPI).getOperation-fm (num=2 handlers)
=== RUN   TestNET05NetworkRoutesRejectInvalidTenantContextBeforeRPC/invalid/POST/networks/vpcs
2026/09/10 11:25:27.474632 engine.go:668: [Debug] HERTZ: Method=POST   absolutePath=/api/v1/networks/vpcs     --> handlerName=github.com/kubercloud/ani/services/ani-gateway/internal/router.(*networkLifecycleAPI).createVPC-fm (num=2 handlers)
2026/09/10 11:25:27.474641 engine.go:668: [Debug] HERTZ: Method=GET    absolutePath=/api/v1/networks/vpcs     --> handlerName=github.com/kubercloud/ani/services/ani-gateway/internal/router.(*networkLifecycleAPI).listVPCs-fm (num=2 handlers)
2026/09/10 11:25:27.474645 engine.go:668: [Debug] HERTZ: Method=GET    absolutePath=/api/v1/networks/vpcs/:vpc_id --> handlerName=github.com/kubercloud/ani/services/ani-gateway/internal/router.(*networkLifecycleAPI).getVPC-fm (num=2 handlers)
2026/09/10 11:25:27.474654 engine.go:668: [Debug] HERTZ: Method=DELETE absolutePath=/api/v1/networks/vpcs/:vpc_id --> handlerName=github.com/kubercloud/ani/services/ani-gateway/internal/router.(*networkLifecycleAPI).deleteVPC-fm (num=2 handlers)
2026/09/10 11:25:27.474658 engine.go:668: [Debug] HERTZ: Method=POST   absolutePath=/api/v1/networks/subnets  --> handlerName=github.com/kubercloud/ani/services/ani-gateway/internal/router.(*networkLifecycleAPI).createSubnet-fm (num=2 handlers)
2026/09/10 11:25:27.474661 engine.go:668: [Debug] HERTZ: Method=GET    absolutePath=/api/v1/networks/subnets  --> handlerName=github.com/kubercloud/ani/services/ani-gateway/internal/router.(*networkLifecycleAPI).listSubnets-fm (num=2 handlers)
2026/09/10 11:25:27.474665 engine.go:668: [Debug] HERTZ: Method=GET    absolutePath=/api/v1/networks/subnets/:subnet_id --> handlerName=github.com/kubercloud/ani/services/ani-gateway/internal/router.(*networkLifecycleAPI).getSubnet-fm (num=2 handlers)
2026/09/10 11:25:27.474669 engine.go:668: [Debug] HERTZ: Method=DELETE absolutePath=/api/v1/networks/subnets/:subnet_id --> handlerName=github.com/kubercloud/ani/services/ani-gateway/internal/router.(*networkLifecycleAPI).deleteSubnet-fm (num=2 handlers)
2026/09/10 11:25:27.474672 engine.go:668: [Debug] HERTZ: Method=GET    absolutePath=/api/v1/networks/operations/:operation_id --> handlerName=github.com/kubercloud/ani/services/ani-gateway/internal/router.(*networkLifecycleAPI).getOperation-fm (num=2 handlers)
=== RUN   TestNET05NetworkRoutesRejectInvalidTenantContextBeforeRPC/invalid/GET/networks/vpcs
2026/09/10 11:25:27.474911 engine.go:668: [Debug] HERTZ: Method=POST   absolutePath=/api/v1/networks/vpcs     --> handlerName=github.com/kubercloud/ani/services/ani-gateway/internal/router.(*networkLifecycleAPI).createVPC-fm (num=2 handlers)
2026/09/10 11:25:27.474923 engine.go:668: [Debug] HERTZ: Method=GET    absolutePath=/api/v1/networks/vpcs     --> handlerName=github.com/kubercloud/ani/services/ani-gateway/internal/router.(*networkLifecycleAPI).listVPCs-fm (num=2 handlers)
2026/09/10 11:25:27.474935 engine.go:668: [Debug] HERTZ: Method=GET    absolutePath=/api/v1/networks/vpcs/:vpc_id --> handlerName=github.com/kubercloud/ani/services/ani-gateway/internal/router.(*networkLifecycleAPI).getVPC-fm (num=2 handlers)
2026/09/10 11:25:27.474940 engine.go:668: [Debug] HERTZ: Method=DELETE absolutePath=/api/v1/networks/vpcs/:vpc_id --> handlerName=github.com/kubercloud/ani/services/ani-gateway/internal/router.(*networkLifecycleAPI).deleteVPC-fm (num=2 handlers)
2026/09/10 11:25:27.474950 engine.go:668: [Debug] HERTZ: Method=POST   absolutePath=/api/v1/networks/subnets  --> handlerName=github.com/kubercloud/ani/services/ani-gateway/internal/router.(*networkLifecycleAPI).createSubnet-fm (num=2 handlers)
2026/09/10 11:25:27.474954 engine.go:668: [Debug] HERTZ: Method=GET    absolutePath=/api/v1/networks/subnets  --> handlerName=github.com/kubercloud/ani/services/ani-gateway/internal/router.(*networkLifecycleAPI).listSubnets-fm (num=2 handlers)
2026/09/10 11:25:27.474966 engine.go:668: [Debug] HERTZ: Method=GET    absolutePath=/api/v1/networks/subnets/:subnet_id --> handlerName=github.com/kubercloud/ani/services/ani-gateway/internal/router.(*networkLifecycleAPI).getSubnet-fm (num=2 handlers)
2026/09/10 11:25:27.474969 engine.go:668: [Debug] HERTZ: Method=DELETE absolutePath=/api/v1/networks/subnets/:subnet_id --> handlerName=github.com/kubercloud/ani/services/ani-gateway/internal/router.(*networkLifecycleAPI).deleteSubnet-fm (num=2 handlers)
2026/09/10 11:25:27.474974 engine.go:668: [Debug] HERTZ: Method=GET    absolutePath=/api/v1/networks/operations/:operation_id --> handlerName=github.com/kubercloud/ani/services/ani-gateway/internal/router.(*networkLifecycleAPI).getOperation-fm (num=2 handlers)
=== RUN   TestNET05NetworkRoutesRejectInvalidTenantContextBeforeRPC/invalid/GET/networks/vpcs/vpc_00000000000000000000000000000001
2026/09/10 11:25:27.475148 engine.go:668: [Debug] HERTZ: Method=POST   absolutePath=/api/v1/networks/vpcs     --> handlerName=github.com/kubercloud/ani/services/ani-gateway/internal/router.(*networkLifecycleAPI).createVPC-fm (num=2 handlers)
2026/09/10 11:25:27.475154 engine.go:668: [Debug] HERTZ: Method=GET    absolutePath=/api/v1/networks/vpcs     --> handlerName=github.com/kubercloud/ani/services/ani-gateway/internal/router.(*networkLifecycleAPI).listVPCs-fm (num=2 handlers)
2026/09/10 11:25:27.475157 engine.go:668: [Debug] HERTZ: Method=GET    absolutePath=/api/v1/networks/vpcs/:vpc_id --> handlerName=github.com/kubercloud/ani/services/ani-gateway/internal/router.(*networkLifecycleAPI).getVPC-fm (num=2 handlers)
2026/09/10 11:25:27.475184 engine.go:668: [Debug] HERTZ: Method=DELETE absolutePath=/api/v1/networks/vpcs/:vpc_id --> handlerName=github.com/kubercloud/ani/services/ani-gateway/internal/router.(*networkLifecycleAPI).deleteVPC-fm (num=2 handlers)
2026/09/10 11:25:27.475188 engine.go:668: [Debug] HERTZ: Method=POST   absolutePath=/api/v1/networks/subnets  --> handlerName=github.com/kubercloud/ani/services/ani-gateway/internal/router.(*networkLifecycleAPI).createSubnet-fm (num=2 handlers)
2026/09/10 11:25:27.475191 engine.go:668: [Debug] HERTZ: Method=GET    absolutePath=/api/v1/networks/subnets  --> handlerName=github.com/kubercloud/ani/services/ani-gateway/internal/router.(*networkLifecycleAPI).listSubnets-fm (num=2 handlers)
2026/09/10 11:25:27.475194 engine.go:668: [Debug] HERTZ: Method=GET    absolutePath=/api/v1/networks/subnets/:subnet_id --> handlerName=github.com/kubercloud/ani/services/ani-gateway/internal/router.(*networkLifecycleAPI).getSubnet-fm (num=2 handlers)
2026/09/10 11:25:27.475197 engine.go:668: [Debug] HERTZ: Method=DELETE absolutePath=/api/v1/networks/subnets/:subnet_id --> handlerName=github.com/kubercloud/ani/services/ani-gateway/internal/router.(*networkLifecycleAPI).deleteSubnet-fm (num=2 handlers)
2026/09/10 11:25:27.475200 engine.go:668: [Debug] HERTZ: Method=GET    absolutePath=/api/v1/networks/operations/:operation_id --> handlerName=github.com/kubercloud/ani/services/ani-gateway/internal/router.(*networkLifecycleAPI).getOperation-fm (num=2 handlers)
=== RUN   TestNET05NetworkRoutesRejectInvalidTenantContextBeforeRPC/invalid/DELETE/networks/vpcs/vpc_00000000000000000000000000000001
2026/09/10 11:25:27.475271 engine.go:668: [Debug] HERTZ: Method=POST   absolutePath=/api/v1/networks/vpcs     --> handlerName=github.com/kubercloud/ani/services/ani-gateway/internal/router.(*networkLifecycleAPI).createVPC-fm (num=2 handlers)
2026/09/10 11:25:27.475280 engine.go:668: [Debug] HERTZ: Method=GET    absolutePath=/api/v1/networks/vpcs     --> handlerName=github.com/kubercloud/ani/services/ani-gateway/internal/router.(*networkLifecycleAPI).listVPCs-fm (num=2 handlers)
2026/09/10 11:25:27.475283 engine.go:668: [Debug] HERTZ: Method=GET    absolutePath=/api/v1/networks/vpcs/:vpc_id --> handlerName=github.com/kubercloud/ani/services/ani-gateway/internal/router.(*networkLifecycleAPI).getVPC-fm (num=2 handlers)
2026/09/10 11:25:27.475287 engine.go:668: [Debug] HERTZ: Method=DELETE absolutePath=/api/v1/networks/vpcs/:vpc_id --> handlerName=github.com/kubercloud/ani/services/ani-gateway/internal/router.(*networkLifecycleAPI).deleteVPC-fm (num=2 handlers)
2026/09/10 11:25:27.475291 engine.go:668: [Debug] HERTZ: Method=POST   absolutePath=/api/v1/networks/subnets  --> handlerName=github.com/kubercloud/ani/services/ani-gateway/internal/router.(*networkLifecycleAPI).createSubnet-fm (num=2 handlers)
2026/09/10 11:25:27.475301 engine.go:668: [Debug] HERTZ: Method=GET    absolutePath=/api/v1/networks/subnets  --> handlerName=github.com/kubercloud/ani/services/ani-gateway/internal/router.(*networkLifecycleAPI).listSubnets-fm (num=2 handlers)
2026/09/10 11:25:27.475306 engine.go:668: [Debug] HERTZ: Method=GET    absolutePath=/api/v1/networks/subnets/:subnet_id --> handlerName=github.com/kubercloud/ani/services/ani-gateway/internal/router.(*networkLifecycleAPI).getSubnet-fm (num=2 handlers)
2026/09/10 11:25:27.475310 engine.go:668: [Debug] HERTZ: Method=DELETE absolutePath=/api/v1/networks/subnets/:subnet_id --> handlerName=github.com/kubercloud/ani/services/ani-gateway/internal/router.(*networkLifecycleAPI).deleteSubnet-fm (num=2 handlers)
2026/09/10 11:25:27.475331 engine.go:668: [Debug] HERTZ: Method=GET    absolutePath=/api/v1/networks/operations/:operation_id --> handlerName=github.com/kubercloud/ani/services/ani-gateway/internal/router.(*networkLifecycleAPI).getOperation-fm (num=2 handlers)
=== RUN   TestNET05NetworkRoutesRejectInvalidTenantContextBeforeRPC/invalid/POST/networks/subnets
2026/09/10 11:25:27.475418 engine.go:668: [Debug] HERTZ: Method=POST   absolutePath=/api/v1/networks/vpcs     --> handlerName=github.com/kubercloud/ani/services/ani-gateway/internal/router.(*networkLifecycleAPI).createVPC-fm (num=2 handlers)
2026/09/10 11:25:27.475428 engine.go:668: [Debug] HERTZ: Method=GET    absolutePath=/api/v1/networks/vpcs     --> handlerName=github.com/kubercloud/ani/services/ani-gateway/internal/router.(*networkLifecycleAPI).listVPCs-fm (num=2 handlers)
2026/09/10 11:25:27.475432 engine.go:668: [Debug] HERTZ: Method=GET    absolutePath=/api/v1/networks/vpcs/:vpc_id --> handlerName=github.com/kubercloud/ani/services/ani-gateway/internal/router.(*networkLifecycleAPI).getVPC-fm (num=2 handlers)
2026/09/10 11:25:27.475445 engine.go:668: [Debug] HERTZ: Method=DELETE absolutePath=/api/v1/networks/vpcs/:vpc_id --> handlerName=github.com/kubercloud/ani/services/ani-gateway/internal/router.(*networkLifecycleAPI).deleteVPC-fm (num=2 handlers)
2026/09/10 11:25:27.475455 engine.go:668: [Debug] HERTZ: Method=POST   absolutePath=/api/v1/networks/subnets  --> handlerName=github.com/kubercloud/ani/services/ani-gateway/internal/router.(*networkLifecycleAPI).createSubnet-fm (num=2 handlers)
2026/09/10 11:25:27.475462 engine.go:668: [Debug] HERTZ: Method=GET    absolutePath=/api/v1/networks/subnets  --> handlerName=github.com/kubercloud/ani/services/ani-gateway/internal/router.(*networkLifecycleAPI).listSubnets-fm (num=2 handlers)
2026/09/10 11:25:27.475466 engine.go:668: [Debug] HERTZ: Method=GET    absolutePath=/api/v1/networks/subnets/:subnet_id --> handlerName=github.com/kubercloud/ani/services/ani-gateway/internal/router.(*networkLifecycleAPI).getSubnet-fm (num=2 handlers)
2026/09/10 11:25:27.475472 engine.go:668: [Debug] HERTZ: Method=DELETE absolutePath=/api/v1/networks/subnets/:subnet_id --> handlerName=github.com/kubercloud/ani/services/ani-gateway/internal/router.(*networkLifecycleAPI).deleteSubnet-fm (num=2 handlers)
2026/09/10 11:25:27.475483 engine.go:668: [Debug] HERTZ: Method=GET    absolutePath=/api/v1/networks/operations/:operation_id --> handlerName=github.com/kubercloud/ani/services/ani-gateway/internal/router.(*networkLifecycleAPI).getOperation-fm (num=2 handlers)
=== RUN   TestNET05NetworkRoutesRejectInvalidTenantContextBeforeRPC/invalid/GET/networks/subnets
2026/09/10 11:25:27.475546 engine.go:668: [Debug] HERTZ: Method=POST   absolutePath=/api/v1/networks/vpcs     --> handlerName=github.com/kubercloud/ani/services/ani-gateway/internal/router.(*networkLifecycleAPI).createVPC-fm (num=2 handlers)
2026/09/10 11:25:27.475554 engine.go:668: [Debug] HERTZ: Method=GET    absolutePath=/api/v1/networks/vpcs     --> handlerName=github.com/kubercloud/ani/services/ani-gateway/internal/router.(*networkLifecycleAPI).listVPCs-fm (num=2 handlers)
2026/09/10 11:25:27.475558 engine.go:668: [Debug] HERTZ: Method=GET    absolutePath=/api/v1/networks/vpcs/:vpc_id --> handlerName=github.com/kubercloud/ani/services/ani-gateway/internal/router.(*networkLifecycleAPI).getVPC-fm (num=2 handlers)
2026/09/10 11:25:27.475564 engine.go:668: [Debug] HERTZ: Method=DELETE absolutePath=/api/v1/networks/vpcs/:vpc_id --> handlerName=github.com/kubercloud/ani/services/ani-gateway/internal/router.(*networkLifecycleAPI).deleteVPC-fm (num=2 handlers)
2026/09/10 11:25:27.475569 engine.go:668: [Debug] HERTZ: Method=POST   absolutePath=/api/v1/networks/subnets  --> handlerName=github.com/kubercloud/ani/services/ani-gateway/internal/router.(*networkLifecycleAPI).createSubnet-fm (num=2 handlers)
2026/09/10 11:25:27.475574 engine.go:668: [Debug] HERTZ: Method=GET    absolutePath=/api/v1/networks/subnets  --> handlerName=github.com/kubercloud/ani/services/ani-gateway/internal/router.(*networkLifecycleAPI).listSubnets-fm (num=2 handlers)
2026/09/10 11:25:27.475578 engine.go:668: [Debug] HERTZ: Method=GET    absolutePath=/api/v1/networks/subnets/:subnet_id --> handlerName=github.com/kubercloud/ani/services/ani-gateway/internal/router.(*networkLifecycleAPI).getSubnet-fm (num=2 handlers)
2026/09/10 11:25:27.475583 engine.go:668: [Debug] HERTZ: Method=DELETE absolutePath=/api/v1/networks/subnets/:subnet_id --> handlerName=github.com/kubercloud/ani/services/ani-gateway/internal/router.(*networkLifecycleAPI).deleteSubnet-fm (num=2 handlers)
2026/09/10 11:25:27.475588 engine.go:668: [Debug] HERTZ: Method=GET    absolutePath=/api/v1/networks/operations/:operation_id --> handlerName=github.com/kubercloud/ani/services/ani-gateway/internal/router.(*networkLifecycleAPI).getOperation-fm (num=2 handlers)
=== RUN   TestNET05NetworkRoutesRejectInvalidTenantContextBeforeRPC/invalid/GET/networks/subnets/subnet_00000000000000000000000000000001
2026/09/10 11:25:27.475662 engine.go:668: [Debug] HERTZ: Method=POST   absolutePath=/api/v1/networks/vpcs     --> handlerName=github.com/kubercloud/ani/services/ani-gateway/internal/router.(*networkLifecycleAPI).createVPC-fm (num=2 handlers)
2026/09/10 11:25:27.475670 engine.go:668: [Debug] HERTZ: Method=GET    absolutePath=/api/v1/networks/vpcs     --> handlerName=github.com/kubercloud/ani/services/ani-gateway/internal/router.(*networkLifecycleAPI).listVPCs-fm (num=2 handlers)
2026/09/10 11:25:27.475674 engine.go:668: [Debug] HERTZ: Method=GET    absolutePath=/api/v1/networks/vpcs/:vpc_id --> handlerName=github.com/kubercloud/ani/services/ani-gateway/internal/router.(*networkLifecycleAPI).getVPC-fm (num=2 handlers)
2026/09/10 11:25:27.475680 engine.go:668: [Debug] HERTZ: Method=DELETE absolutePath=/api/v1/networks/vpcs/:vpc_id --> handlerName=github.com/kubercloud/ani/services/ani-gateway/internal/router.(*networkLifecycleAPI).deleteVPC-fm (num=2 handlers)
2026/09/10 11:25:27.475684 engine.go:668: [Debug] HERTZ: Method=POST   absolutePath=/api/v1/networks/subnets  --> handlerName=github.com/kubercloud/ani/services/ani-gateway/internal/router.(*networkLifecycleAPI).createSubnet-fm (num=2 handlers)
2026/09/10 11:25:27.475690 engine.go:668: [Debug] HERTZ: Method=GET    absolutePath=/api/v1/networks/subnets  --> handlerName=github.com/kubercloud/ani/services/ani-gateway/internal/router.(*networkLifecycleAPI).listSubnets-fm (num=2 handlers)
2026/09/10 11:25:27.475693 engine.go:668: [Debug] HERTZ: Method=GET    absolutePath=/api/v1/networks/subnets/:subnet_id --> handlerName=github.com/kubercloud/ani/services/ani-gateway/internal/router.(*networkLifecycleAPI).getSubnet-fm (num=2 handlers)
2026/09/10 11:25:27.475699 engine.go:668: [Debug] HERTZ: Method=DELETE absolutePath=/api/v1/networks/subnets/:subnet_id --> handlerName=github.com/kubercloud/ani/services/ani-gateway/internal/router.(*networkLifecycleAPI).deleteSubnet-fm (num=2 handlers)
2026/09/10 11:25:27.475702 engine.go:668: [Debug] HERTZ: Method=GET    absolutePath=/api/v1/networks/operations/:operation_id --> handlerName=github.com/kubercloud/ani/services/ani-gateway/internal/router.(*networkLifecycleAPI).getOperation-fm (num=2 handlers)
=== RUN   TestNET05NetworkRoutesRejectInvalidTenantContextBeforeRPC/invalid/DELETE/networks/subnets/subnet_00000000000000000000000000000001
2026/09/10 11:25:27.475771 engine.go:668: [Debug] HERTZ: Method=POST   absolutePath=/api/v1/networks/vpcs     --> handlerName=github.com/kubercloud/ani/services/ani-gateway/internal/router.(*networkLifecycleAPI).createVPC-fm (num=2 handlers)
2026/09/10 11:25:27.475778 engine.go:668: [Debug] HERTZ: Method=GET    absolutePath=/api/v1/networks/vpcs     --> handlerName=github.com/kubercloud/ani/services/ani-gateway/internal/router.(*networkLifecycleAPI).listVPCs-fm (num=2 handlers)
2026/09/10 11:25:27.475782 engine.go:668: [Debug] HERTZ: Method=GET    absolutePath=/api/v1/networks/vpcs/:vpc_id --> handlerName=github.com/kubercloud/ani/services/ani-gateway/internal/router.(*networkLifecycleAPI).getVPC-fm (num=2 handlers)
2026/09/10 11:25:27.475789 engine.go:668: [Debug] HERTZ: Method=DELETE absolutePath=/api/v1/networks/vpcs/:vpc_id --> handlerName=github.com/kubercloud/ani/services/ani-gateway/internal/router.(*networkLifecycleAPI).deleteVPC-fm (num=2 handlers)
2026/09/10 11:25:27.475793 engine.go:668: [Debug] HERTZ: Method=POST   absolutePath=/api/v1/networks/subnets  --> handlerName=github.com/kubercloud/ani/services/ani-gateway/internal/router.(*networkLifecycleAPI).createSubnet-fm (num=2 handlers)
2026/09/10 11:25:27.475798 engine.go:668: [Debug] HERTZ: Method=GET    absolutePath=/api/v1/networks/subnets  --> handlerName=github.com/kubercloud/ani/services/ani-gateway/internal/router.(*networkLifecycleAPI).listSubnets-fm (num=2 handlers)
2026/09/10 11:25:27.475810 engine.go:668: [Debug] HERTZ: Method=GET    absolutePath=/api/v1/networks/subnets/:subnet_id --> handlerName=github.com/kubercloud/ani/services/ani-gateway/internal/router.(*networkLifecycleAPI).getSubnet-fm (num=2 handlers)
2026/09/10 11:25:27.475820 engine.go:668: [Debug] HERTZ: Method=DELETE absolutePath=/api/v1/networks/subnets/:subnet_id --> handlerName=github.com/kubercloud/ani/services/ani-gateway/internal/router.(*networkLifecycleAPI).deleteSubnet-fm (num=2 handlers)
2026/09/10 11:25:27.475826 engine.go:668: [Debug] HERTZ: Method=GET    absolutePath=/api/v1/networks/operations/:operation_id --> handlerName=github.com/kubercloud/ani/services/ani-gateway/internal/router.(*networkLifecycleAPI).getOperation-fm (num=2 handlers)
=== RUN   TestNET05NetworkRoutesRejectInvalidTenantContextBeforeRPC/invalid/GET/networks/operations/00000000-0000-4000-8000-000000000001
2026/09/10 11:25:27.475909 engine.go:668: [Debug] HERTZ: Method=POST   absolutePath=/api/v1/networks/vpcs     --> handlerName=github.com/kubercloud/ani/services/ani-gateway/internal/router.(*networkLifecycleAPI).createVPC-fm (num=2 handlers)
2026/09/10 11:25:27.475916 engine.go:668: [Debug] HERTZ: Method=GET    absolutePath=/api/v1/networks/vpcs     --> handlerName=github.com/kubercloud/ani/services/ani-gateway/internal/router.(*networkLifecycleAPI).listVPCs-fm (num=2 handlers)
2026/09/10 11:25:27.475922 engine.go:668: [Debug] HERTZ: Method=GET    absolutePath=/api/v1/networks/vpcs/:vpc_id --> handlerName=github.com/kubercloud/ani/services/ani-gateway/internal/router.(*networkLifecycleAPI).getVPC-fm (num=2 handlers)
2026/09/10 11:25:27.475928 engine.go:668: [Debug] HERTZ: Method=DELETE absolutePath=/api/v1/networks/vpcs/:vpc_id --> handlerName=github.com/kubercloud/ani/services/ani-gateway/internal/router.(*networkLifecycleAPI).deleteVPC-fm (num=2 handlers)
2026/09/10 11:25:27.475932 engine.go:668: [Debug] HERTZ: Method=POST   absolutePath=/api/v1/networks/subnets  --> handlerName=github.com/kubercloud/ani/services/ani-gateway/internal/router.(*networkLifecycleAPI).createSubnet-fm (num=2 handlers)
2026/09/10 11:25:27.475941 engine.go:668: [Debug] HERTZ: Method=GET    absolutePath=/api/v1/networks/subnets  --> handlerName=github.com/kubercloud/ani/services/ani-gateway/internal/router.(*networkLifecycleAPI).listSubnets-fm (num=2 handlers)
2026/09/10 11:25:27.475946 engine.go:668: [Debug] HERTZ: Method=GET    absolutePath=/api/v1/networks/subnets/:subnet_id --> handlerName=github.com/kubercloud/ani/services/ani-gateway/internal/router.(*networkLifecycleAPI).getSubnet-fm (num=2 handlers)
2026/09/10 11:25:27.475953 engine.go:668: [Debug] HERTZ: Method=DELETE absolutePath=/api/v1/networks/subnets/:subnet_id --> handlerName=github.com/kubercloud/ani/services/ani-gateway/internal/router.(*networkLifecycleAPI).deleteSubnet-fm (num=2 handlers)
2026/09/10 11:25:27.475957 engine.go:668: [Debug] HERTZ: Method=GET    absolutePath=/api/v1/networks/operations/:operation_id --> handlerName=github.com/kubercloud/ani/services/ani-gateway/internal/router.(*networkLifecycleAPI).getOperation-fm (num=2 handlers)
=== RUN   TestNET05NetworkRoutesRejectInvalidTenantContextBeforeRPC/zero/POST/networks/vpcs
2026/09/10 11:25:27.476024 engine.go:668: [Debug] HERTZ: Method=POST   absolutePath=/api/v1/networks/vpcs     --> handlerName=github.com/kubercloud/ani/services/ani-gateway/internal/router.(*networkLifecycleAPI).createVPC-fm (num=2 handlers)
2026/09/10 11:25:27.476031 engine.go:668: [Debug] HERTZ: Method=GET    absolutePath=/api/v1/networks/vpcs     --> handlerName=github.com/kubercloud/ani/services/ani-gateway/internal/router.(*networkLifecycleAPI).listVPCs-fm (num=2 handlers)
2026/09/10 11:25:27.476036 engine.go:668: [Debug] HERTZ: Method=GET    absolutePath=/api/v1/networks/vpcs/:vpc_id --> handlerName=github.com/kubercloud/ani/services/ani-gateway/internal/router.(*networkLifecycleAPI).getVPC-fm (num=2 handlers)
2026/09/10 11:25:27.476042 engine.go:668: [Debug] HERTZ: Method=DELETE absolutePath=/api/v1/networks/vpcs/:vpc_id --> handlerName=github.com/kubercloud/ani/services/ani-gateway/internal/router.(*networkLifecycleAPI).deleteVPC-fm (num=2 handlers)
2026/09/10 11:25:27.476046 engine.go:668: [Debug] HERTZ: Method=POST   absolutePath=/api/v1/networks/subnets  --> handlerName=github.com/kubercloud/ani/services/ani-gateway/internal/router.(*networkLifecycleAPI).createSubnet-fm (num=2 handlers)
2026/09/10 11:25:27.476052 engine.go:668: [Debug] HERTZ: Method=GET    absolutePath=/api/v1/networks/subnets  --> handlerName=github.com/kubercloud/ani/services/ani-gateway/internal/router.(*networkLifecycleAPI).listSubnets-fm (num=2 handlers)
2026/09/10 11:25:27.476056 engine.go:668: [Debug] HERTZ: Method=GET    absolutePath=/api/v1/networks/subnets/:subnet_id --> handlerName=github.com/kubercloud/ani/services/ani-gateway/internal/router.(*networkLifecycleAPI).getSubnet-fm (num=2 handlers)
2026/09/10 11:25:27.476061 engine.go:668: [Debug] HERTZ: Method=DELETE absolutePath=/api/v1/networks/subnets/:subnet_id --> handlerName=github.com/kubercloud/ani/services/ani-gateway/internal/router.(*networkLifecycleAPI).deleteSubnet-fm (num=2 handlers)
2026/09/10 11:25:27.476066 engine.go:668: [Debug] HERTZ: Method=GET    absolutePath=/api/v1/networks/operations/:operation_id --> handlerName=github.com/kubercloud/ani/services/ani-gateway/internal/router.(*networkLifecycleAPI).getOperation-fm (num=2 handlers)
=== RUN   TestNET05NetworkRoutesRejectInvalidTenantContextBeforeRPC/zero/GET/networks/vpcs
2026/09/10 11:25:27.476135 engine.go:668: [Debug] HERTZ: Method=POST   absolutePath=/api/v1/networks/vpcs     --> handlerName=github.com/kubercloud/ani/services/ani-gateway/internal/router.(*networkLifecycleAPI).createVPC-fm (num=2 handlers)
2026/09/10 11:25:27.476143 engine.go:668: [Debug] HERTZ: Method=GET    absolutePath=/api/v1/networks/vpcs     --> handlerName=github.com/kubercloud/ani/services/ani-gateway/internal/router.(*networkLifecycleAPI).listVPCs-fm (num=2 handlers)
2026/09/10 11:25:27.476147 engine.go:668: [Debug] HERTZ: Method=GET    absolutePath=/api/v1/networks/vpcs/:vpc_id --> handlerName=github.com/kubercloud/ani/services/ani-gateway/internal/router.(*networkLifecycleAPI).getVPC-fm (num=2 handlers)
2026/09/10 11:25:27.476152 engine.go:668: [Debug] HERTZ: Method=DELETE absolutePath=/api/v1/networks/vpcs/:vpc_id --> handlerName=github.com/kubercloud/ani/services/ani-gateway/internal/router.(*networkLifecycleAPI).deleteVPC-fm (num=2 handlers)
2026/09/10 11:25:27.476156 engine.go:668: [Debug] HERTZ: Method=POST   absolutePath=/api/v1/networks/subnets  --> handlerName=github.com/kubercloud/ani/services/ani-gateway/internal/router.(*networkLifecycleAPI).createSubnet-fm (num=2 handlers)
2026/09/10 11:25:27.476170 engine.go:668: [Debug] HERTZ: Method=GET    absolutePath=/api/v1/networks/subnets  --> handlerName=github.com/kubercloud/ani/services/ani-gateway/internal/router.(*networkLifecycleAPI).listSubnets-fm (num=2 handlers)
2026/09/10 11:25:27.476176 engine.go:668: [Debug] HERTZ: Method=GET    absolutePath=/api/v1/networks/subnets/:subnet_id --> handlerName=github.com/kubercloud/ani/services/ani-gateway/internal/router.(*networkLifecycleAPI).getSubnet-fm (num=2 handlers)
2026/09/10 11:25:27.476182 engine.go:668: [Debug] HERTZ: Method=DELETE absolutePath=/api/v1/networks/subnets/:subnet_id --> handlerName=github.com/kubercloud/ani/services/ani-gateway/internal/router.(*networkLifecycleAPI).deleteSubnet-fm (num=2 handlers)
2026/09/10 11:25:27.476187 engine.go:668: [Debug] HERTZ: Method=GET    absolutePath=/api/v1/networks/operations/:operation_id --> handlerName=github.com/kubercloud/ani/services/ani-gateway/internal/router.(*networkLifecycleAPI).getOperation-fm (num=2 handlers)
=== RUN   TestNET05NetworkRoutesRejectInvalidTenantContextBeforeRPC/zero/GET/networks/vpcs/vpc_00000000000000000000000000000001
2026/09/10 11:25:27.476250 engine.go:668: [Debug] HERTZ: Method=POST   absolutePath=/api/v1/networks/vpcs     --> handlerName=github.com/kubercloud/ani/services/ani-gateway/internal/router.(*networkLifecycleAPI).createVPC-fm (num=2 handlers)
2026/09/10 11:25:27.476258 engine.go:668: [Debug] HERTZ: Method=GET    absolutePath=/api/v1/networks/vpcs     --> handlerName=github.com/kubercloud/ani/services/ani-gateway/internal/router.(*networkLifecycleAPI).listVPCs-fm (num=2 handlers)
2026/09/10 11:25:27.476262 engine.go:668: [Debug] HERTZ: Method=GET    absolutePath=/api/v1/networks/vpcs/:vpc_id --> handlerName=github.com/kubercloud/ani/services/ani-gateway/internal/router.(*networkLifecycleAPI).getVPC-fm (num=2 handlers)
2026/09/10 11:25:27.476271 engine.go:668: [Debug] HERTZ: Method=DELETE absolutePath=/api/v1/networks/vpcs/:vpc_id --> handlerName=github.com/kubercloud/ani/services/ani-gateway/internal/router.(*networkLifecycleAPI).deleteVPC-fm (num=2 handlers)
2026/09/10 11:25:27.476276 engine.go:668: [Debug] HERTZ: Method=POST   absolutePath=/api/v1/networks/subnets  --> handlerName=github.com/kubercloud/ani/services/ani-gateway/internal/router.(*networkLifecycleAPI).createSubnet-fm (num=2 handlers)
2026/09/10 11:25:27.476284 engine.go:668: [Debug] HERTZ: Method=GET    absolutePath=/api/v1/networks/subnets  --> handlerName=github.com/kubercloud/ani/services/ani-gateway/internal/router.(*networkLifecycleAPI).listSubnets-fm (num=2 handlers)
2026/09/10 11:25:27.476288 engine.go:668: [Debug] HERTZ: Method=GET    absolutePath=/api/v1/networks/subnets/:subnet_id --> handlerName=github.com/kubercloud/ani/services/ani-gateway/internal/router.(*networkLifecycleAPI).getSubnet-fm (num=2 handlers)
2026/09/10 11:25:27.476292 engine.go:668: [Debug] HERTZ: Method=DELETE absolutePath=/api/v1/networks/subnets/:subnet_id --> handlerName=github.com/kubercloud/ani/services/ani-gateway/internal/router.(*networkLifecycleAPI).deleteSubnet-fm (num=2 handlers)
2026/09/10 11:25:27.476300 engine.go:668: [Debug] HERTZ: Method=GET    absolutePath=/api/v1/networks/operations/:operation_id --> handlerName=github.com/kubercloud/ani/services/ani-gateway/internal/router.(*networkLifecycleAPI).getOperation-fm (num=2 handlers)
=== RUN   TestNET05NetworkRoutesRejectInvalidTenantContextBeforeRPC/zero/DELETE/networks/vpcs/vpc_00000000000000000000000000000001
2026/09/10 11:25:27.476376 engine.go:668: [Debug] HERTZ: Method=POST   absolutePath=/api/v1/networks/vpcs     --> handlerName=github.com/kubercloud/ani/services/ani-gateway/internal/router.(*networkLifecycleAPI).createVPC-fm (num=2 handlers)
2026/09/10 11:25:27.476384 engine.go:668: [Debug] HERTZ: Method=GET    absolutePath=/api/v1/networks/vpcs     --> handlerName=github.com/kubercloud/ani/services/ani-gateway/internal/router.(*networkLifecycleAPI).listVPCs-fm (num=2 handlers)
2026/09/10 11:25:27.476389 engine.go:668: [Debug] HERTZ: Method=GET    absolutePath=/api/v1/networks/vpcs/:vpc_id --> handlerName=github.com/kubercloud/ani/services/ani-gateway/internal/router.(*networkLifecycleAPI).getVPC-fm (num=2 handlers)
2026/09/10 11:25:27.476396 engine.go:668: [Debug] HERTZ: Method=DELETE absolutePath=/api/v1/networks/vpcs/:vpc_id --> handlerName=github.com/kubercloud/ani/services/ani-gateway/internal/router.(*networkLifecycleAPI).deleteVPC-fm (num=2 handlers)
2026/09/10 11:25:27.476401 engine.go:668: [Debug] HERTZ: Method=POST   absolutePath=/api/v1/networks/subnets  --> handlerName=github.com/kubercloud/ani/services/ani-gateway/internal/router.(*networkLifecycleAPI).createSubnet-fm (num=2 handlers)
2026/09/10 11:25:27.476407 engine.go:668: [Debug] HERTZ: Method=GET    absolutePath=/api/v1/networks/subnets  --> handlerName=github.com/kubercloud/ani/services/ani-gateway/internal/router.(*networkLifecycleAPI).listSubnets-fm (num=2 handlers)
2026/09/10 11:25:27.476412 engine.go:668: [Debug] HERTZ: Method=GET    absolutePath=/api/v1/networks/subnets/:subnet_id --> handlerName=github.com/kubercloud/ani/services/ani-gateway/internal/router.(*networkLifecycleAPI).getSubnet-fm (num=2 handlers)
2026/09/10 11:25:27.476418 engine.go:668: [Debug] HERTZ: Method=DELETE absolutePath=/api/v1/networks/subnets/:subnet_id --> handlerName=github.com/kubercloud/ani/services/ani-gateway/internal/router.(*networkLifecycleAPI).deleteSubnet-fm (num=2 handlers)
2026/09/10 11:25:27.476422 engine.go:668: [Debug] HERTZ: Method=GET    absolutePath=/api/v1/networks/operations/:operation_id --> handlerName=github.com/kubercloud/ani/services/ani-gateway/internal/router.(*networkLifecycleAPI).getOperation-fm (num=2 handlers)
=== RUN   TestNET05NetworkRoutesRejectInvalidTenantContextBeforeRPC/zero/POST/networks/subnets
2026/09/10 11:25:27.476484 engine.go:668: [Debug] HERTZ: Method=POST   absolutePath=/api/v1/networks/vpcs     --> handlerName=github.com/kubercloud/ani/services/ani-gateway/internal/router.(*networkLifecycleAPI).createVPC-fm (num=2 handlers)
2026/09/10 11:25:27.476491 engine.go:668: [Debug] HERTZ: Method=GET    absolutePath=/api/v1/networks/vpcs     --> handlerName=github.com/kubercloud/ani/services/ani-gateway/internal/router.(*networkLifecycleAPI).listVPCs-fm (num=2 handlers)
2026/09/10 11:25:27.476496 engine.go:668: [Debug] HERTZ: Method=GET    absolutePath=/api/v1/networks/vpcs/:vpc_id --> handlerName=github.com/kubercloud/ani/services/ani-gateway/internal/router.(*networkLifecycleAPI).getVPC-fm (num=2 handlers)
2026/09/10 11:25:27.476508 engine.go:668: [Debug] HERTZ: Method=DELETE absolutePath=/api/v1/networks/vpcs/:vpc_id --> handlerName=github.com/kubercloud/ani/services/ani-gateway/internal/router.(*networkLifecycleAPI).deleteVPC-fm (num=2 handlers)
2026/09/10 11:25:27.476518 engine.go:668: [Debug] HERTZ: Method=POST   absolutePath=/api/v1/networks/subnets  --> handlerName=github.com/kubercloud/ani/services/ani-gateway/internal/router.(*networkLifecycleAPI).createSubnet-fm (num=2 handlers)
2026/09/10 11:25:27.476523 engine.go:668: [Debug] HERTZ: Method=GET    absolutePath=/api/v1/networks/subnets  --> handlerName=github.com/kubercloud/ani/services/ani-gateway/internal/router.(*networkLifecycleAPI).listSubnets-fm (num=2 handlers)
2026/09/10 11:25:27.476530 engine.go:668: [Debug] HERTZ: Method=GET    absolutePath=/api/v1/networks/subnets/:subnet_id --> handlerName=github.com/kubercloud/ani/services/ani-gateway/internal/router.(*networkLifecycleAPI).getSubnet-fm (num=2 handlers)
2026/09/10 11:25:27.476536 engine.go:668: [Debug] HERTZ: Method=DELETE absolutePath=/api/v1/networks/subnets/:subnet_id --> handlerName=github.com/kubercloud/ani/services/ani-gateway/internal/router.(*networkLifecycleAPI).deleteSubnet-fm (num=2 handlers)
2026/09/10 11:25:27.476541 engine.go:668: [Debug] HERTZ: Method=GET    absolutePath=/api/v1/networks/operations/:operation_id --> handlerName=github.com/kubercloud/ani/services/ani-gateway/internal/router.(*networkLifecycleAPI).getOperation-fm (num=2 handlers)
=== RUN   TestNET05NetworkRoutesRejectInvalidTenantContextBeforeRPC/zero/GET/networks/subnets
2026/09/10 11:25:27.476602 engine.go:668: [Debug] HERTZ: Method=POST   absolutePath=/api/v1/networks/vpcs     --> handlerName=github.com/kubercloud/ani/services/ani-gateway/internal/router.(*networkLifecycleAPI).createVPC-fm (num=2 handlers)
2026/09/10 11:25:27.476613 engine.go:668: [Debug] HERTZ: Method=GET    absolutePath=/api/v1/networks/vpcs     --> handlerName=github.com/kubercloud/ani/services/ani-gateway/internal/router.(*networkLifecycleAPI).listVPCs-fm (num=2 handlers)
2026/09/10 11:25:27.476630 engine.go:668: [Debug] HERTZ: Method=GET    absolutePath=/api/v1/networks/vpcs/:vpc_id --> handlerName=github.com/kubercloud/ani/services/ani-gateway/internal/router.(*networkLifecycleAPI).getVPC-fm (num=2 handlers)
2026/09/10 11:25:27.476635 engine.go:668: [Debug] HERTZ: Method=DELETE absolutePath=/api/v1/networks/vpcs/:vpc_id --> handlerName=github.com/kubercloud/ani/services/ani-gateway/internal/router.(*networkLifecycleAPI).deleteVPC-fm (num=2 handlers)
2026/09/10 11:25:27.476639 engine.go:668: [Debug] HERTZ: Method=POST   absolutePath=/api/v1/networks/subnets  --> handlerName=github.com/kubercloud/ani/services/ani-gateway/internal/router.(*networkLifecycleAPI).createSubnet-fm (num=2 handlers)
2026/09/10 11:25:27.476643 engine.go:668: [Debug] HERTZ: Method=GET    absolutePath=/api/v1/networks/subnets  --> handlerName=github.com/kubercloud/ani/services/ani-gateway/internal/router.(*networkLifecycleAPI).listSubnets-fm (num=2 handlers)
2026/09/10 11:25:27.476648 engine.go:668: [Debug] HERTZ: Method=GET    absolutePath=/api/v1/networks/subnets/:subnet_id --> handlerName=github.com/kubercloud/ani/services/ani-gateway/internal/router.(*networkLifecycleAPI).getSubnet-fm (num=2 handlers)
2026/09/10 11:25:27.476655 engine.go:668: [Debug] HERTZ: Method=DELETE absolutePath=/api/v1/networks/subnets/:subnet_id --> handlerName=github.com/kubercloud/ani/services/ani-gateway/internal/router.(*networkLifecycleAPI).deleteSubnet-fm (num=2 handlers)
2026/09/10 11:25:27.476660 engine.go:668: [Debug] HERTZ: Method=GET    absolutePath=/api/v1/networks/operations/:operation_id --> handlerName=github.com/kubercloud/ani/services/ani-gateway/internal/router.(*networkLifecycleAPI).getOperation-fm (num=2 handlers)
=== RUN   TestNET05NetworkRoutesRejectInvalidTenantContextBeforeRPC/zero/GET/networks/subnets/subnet_00000000000000000000000000000001
2026/09/10 11:25:27.476722 engine.go:668: [Debug] HERTZ: Method=POST   absolutePath=/api/v1/networks/vpcs     --> handlerName=github.com/kubercloud/ani/services/ani-gateway/internal/router.(*networkLifecycleAPI).createVPC-fm (num=2 handlers)
2026/09/10 11:25:27.476731 engine.go:668: [Debug] HERTZ: Method=GET    absolutePath=/api/v1/networks/vpcs     --> handlerName=github.com/kubercloud/ani/services/ani-gateway/internal/router.(*networkLifecycleAPI).listVPCs-fm (num=2 handlers)
2026/09/10 11:25:27.476735 engine.go:668: [Debug] HERTZ: Method=GET    absolutePath=/api/v1/networks/vpcs/:vpc_id --> handlerName=github.com/kubercloud/ani/services/ani-gateway/internal/router.(*networkLifecycleAPI).getVPC-fm (num=2 handlers)
2026/09/10 11:25:27.476742 engine.go:668: [Debug] HERTZ: Method=DELETE absolutePath=/api/v1/networks/vpcs/:vpc_id --> handlerName=github.com/kubercloud/ani/services/ani-gateway/internal/router.(*networkLifecycleAPI).deleteVPC-fm (num=2 handlers)
2026/09/10 11:25:27.476747 engine.go:668: [Debug] HERTZ: Method=POST   absolutePath=/api/v1/networks/subnets  --> handlerName=github.com/kubercloud/ani/services/ani-gateway/internal/router.(*networkLifecycleAPI).createSubnet-fm (num=2 handlers)
2026/09/10 11:25:27.476753 engine.go:668: [Debug] HERTZ: Method=GET    absolutePath=/api/v1/networks/subnets  --> handlerName=github.com/kubercloud/ani/services/ani-gateway/internal/router.(*networkLifecycleAPI).listSubnets-fm (num=2 handlers)
2026/09/10 11:25:27.476757 engine.go:668: [Debug] HERTZ: Method=GET    absolutePath=/api/v1/networks/subnets/:subnet_id --> handlerName=github.com/kubercloud/ani/services/ani-gateway/internal/router.(*networkLifecycleAPI).getSubnet-fm (num=2 handlers)
2026/09/10 11:25:27.476764 engine.go:668: [Debug] HERTZ: Method=DELETE absolutePath=/api/v1/networks/subnets/:subnet_id --> handlerName=github.com/kubercloud/ani/services/ani-gateway/internal/router.(*networkLifecycleAPI).deleteSubnet-fm (num=2 handlers)
2026/09/10 11:25:27.476768 engine.go:668: [Debug] HERTZ: Method=GET    absolutePath=/api/v1/networks/operations/:operation_id --> handlerName=github.com/kubercloud/ani/services/ani-gateway/internal/router.(*networkLifecycleAPI).getOperation-fm (num=2 handlers)
=== RUN   TestNET05NetworkRoutesRejectInvalidTenantContextBeforeRPC/zero/DELETE/networks/subnets/subnet_00000000000000000000000000000001
2026/09/10 11:25:27.476833 engine.go:668: [Debug] HERTZ: Method=POST   absolutePath=/api/v1/networks/vpcs     --> handlerName=github.com/kubercloud/ani/services/ani-gateway/internal/router.(*networkLifecycleAPI).createVPC-fm (num=2 handlers)
2026/09/10 11:25:27.476840 engine.go:668: [Debug] HERTZ: Method=GET    absolutePath=/api/v1/networks/vpcs     --> handlerName=github.com/kubercloud/ani/services/ani-gateway/internal/router.(*networkLifecycleAPI).listVPCs-fm (num=2 handlers)
2026/09/10 11:25:27.476845 engine.go:668: [Debug] HERTZ: Method=GET    absolutePath=/api/v1/networks/vpcs/:vpc_id --> handlerName=github.com/kubercloud/ani/services/ani-gateway/internal/router.(*networkLifecycleAPI).getVPC-fm (num=2 handlers)
2026/09/10 11:25:27.476851 engine.go:668: [Debug] HERTZ: Method=DELETE absolutePath=/api/v1/networks/vpcs/:vpc_id --> handlerName=github.com/kubercloud/ani/services/ani-gateway/internal/router.(*networkLifecycleAPI).deleteVPC-fm (num=2 handlers)
2026/09/10 11:25:27.476857 engine.go:668: [Debug] HERTZ: Method=POST   absolutePath=/api/v1/networks/subnets  --> handlerName=github.com/kubercloud/ani/services/ani-gateway/internal/router.(*networkLifecycleAPI).createSubnet-fm (num=2 handlers)
2026/09/10 11:25:27.476863 engine.go:668: [Debug] HERTZ: Method=GET    absolutePath=/api/v1/networks/subnets  --> handlerName=github.com/kubercloud/ani/services/ani-gateway/internal/router.(*networkLifecycleAPI).listSubnets-fm (num=2 handlers)
2026/09/10 11:25:27.476867 engine.go:668: [Debug] HERTZ: Method=GET    absolutePath=/api/v1/networks/subnets/:subnet_id --> handlerName=github.com/kubercloud/ani/services/ani-gateway/internal/router.(*networkLifecycleAPI).getSubnet-fm (num=2 handlers)
2026/09/10 11:25:27.476871 engine.go:668: [Debug] HERTZ: Method=DELETE absolutePath=/api/v1/networks/subnets/:subnet_id --> handlerName=github.com/kubercloud/ani/services/ani-gateway/internal/router.(*networkLifecycleAPI).deleteSubnet-fm (num=2 handlers)
2026/09/10 11:25:27.476875 engine.go:668: [Debug] HERTZ: Method=GET    absolutePath=/api/v1/networks/operations/:operation_id --> handlerName=github.com/kubercloud/ani/services/ani-gateway/internal/router.(*networkLifecycleAPI).getOperation-fm (num=2 handlers)
=== RUN   TestNET05NetworkRoutesRejectInvalidTenantContextBeforeRPC/zero/GET/networks/operations/00000000-0000-4000-8000-000000000001
2026/09/10 11:25:27.476931 engine.go:668: [Debug] HERTZ: Method=POST   absolutePath=/api/v1/networks/vpcs     --> handlerName=github.com/kubercloud/ani/services/ani-gateway/internal/router.(*networkLifecycleAPI).createVPC-fm (num=2 handlers)
2026/09/10 11:25:27.476940 engine.go:668: [Debug] HERTZ: Method=GET    absolutePath=/api/v1/networks/vpcs     --> handlerName=github.com/kubercloud/ani/services/ani-gateway/internal/router.(*networkLifecycleAPI).listVPCs-fm (num=2 handlers)
2026/09/10 11:25:27.476946 engine.go:668: [Debug] HERTZ: Method=GET    absolutePath=/api/v1/networks/vpcs/:vpc_id --> handlerName=github.com/kubercloud/ani/services/ani-gateway/internal/router.(*networkLifecycleAPI).getVPC-fm (num=2 handlers)
2026/09/10 11:25:27.476954 engine.go:668: [Debug] HERTZ: Method=DELETE absolutePath=/api/v1/networks/vpcs/:vpc_id --> handlerName=github.com/kubercloud/ani/services/ani-gateway/internal/router.(*networkLifecycleAPI).deleteVPC-fm (num=2 handlers)
2026/09/10 11:25:27.476959 engine.go:668: [Debug] HERTZ: Method=POST   absolutePath=/api/v1/networks/subnets  --> handlerName=github.com/kubercloud/ani/services/ani-gateway/internal/router.(*networkLifecycleAPI).createSubnet-fm (num=2 handlers)
2026/09/10 11:25:27.476966 engine.go:668: [Debug] HERTZ: Method=GET    absolutePath=/api/v1/networks/subnets  --> handlerName=github.com/kubercloud/ani/services/ani-gateway/internal/router.(*networkLifecycleAPI).listSubnets-fm (num=2 handlers)
2026/09/10 11:25:27.476971 engine.go:668: [Debug] HERTZ: Method=GET    absolutePath=/api/v1/networks/subnets/:subnet_id --> handlerName=github.com/kubercloud/ani/services/ani-gateway/internal/router.(*networkLifecycleAPI).getSubnet-fm (num=2 handlers)
2026/09/10 11:25:27.476977 engine.go:668: [Debug] HERTZ: Method=DELETE absolutePath=/api/v1/networks/subnets/:subnet_id --> handlerName=github.com/kubercloud/ani/services/ani-gateway/internal/router.(*networkLifecycleAPI).deleteSubnet-fm (num=2 handlers)
2026/09/10 11:25:27.476982 engine.go:668: [Debug] HERTZ: Method=GET    absolutePath=/api/v1/networks/operations/:operation_id --> handlerName=github.com/kubercloud/ani/services/ani-gateway/internal/router.(*networkLifecycleAPI).getOperation-fm (num=2 handlers)
=== RUN   TestNET05NetworkRoutesRejectInvalidTenantContextBeforeRPC/missing-context/POST/networks/vpcs
2026/09/10 11:25:27.477063 engine.go:668: [Debug] HERTZ: Method=POST   absolutePath=/api/v1/networks/vpcs     --> handlerName=github.com/kubercloud/ani/services/ani-gateway/internal/router.(*networkLifecycleAPI).createVPC-fm (num=2 handlers)
2026/09/10 11:25:27.477071 engine.go:668: [Debug] HERTZ: Method=GET    absolutePath=/api/v1/networks/vpcs     --> handlerName=github.com/kubercloud/ani/services/ani-gateway/internal/router.(*networkLifecycleAPI).listVPCs-fm (num=2 handlers)
2026/09/10 11:25:27.477075 engine.go:668: [Debug] HERTZ: Method=GET    absolutePath=/api/v1/networks/vpcs/:vpc_id --> handlerName=github.com/kubercloud/ani/services/ani-gateway/internal/router.(*networkLifecycleAPI).getVPC-fm (num=2 handlers)
2026/09/10 11:25:27.477083 engine.go:668: [Debug] HERTZ: Method=DELETE absolutePath=/api/v1/networks/vpcs/:vpc_id --> handlerName=github.com/kubercloud/ani/services/ani-gateway/internal/router.(*networkLifecycleAPI).deleteVPC-fm (num=2 handlers)
2026/09/10 11:25:27.477089 engine.go:668: [Debug] HERTZ: Method=POST   absolutePath=/api/v1/networks/subnets  --> handlerName=github.com/kubercloud/ani/services/ani-gateway/internal/router.(*networkLifecycleAPI).createSubnet-fm (num=2 handlers)
2026/09/10 11:25:27.477094 engine.go:668: [Debug] HERTZ: Method=GET    absolutePath=/api/v1/networks/subnets  --> handlerName=github.com/kubercloud/ani/services/ani-gateway/internal/router.(*networkLifecycleAPI).listSubnets-fm (num=2 handlers)
2026/09/10 11:25:27.477100 engine.go:668: [Debug] HERTZ: Method=GET    absolutePath=/api/v1/networks/subnets/:subnet_id --> handlerName=github.com/kubercloud/ani/services/ani-gateway/internal/router.(*networkLifecycleAPI).getSubnet-fm (num=2 handlers)
2026/09/10 11:25:27.477104 engine.go:668: [Debug] HERTZ: Method=DELETE absolutePath=/api/v1/networks/subnets/:subnet_id --> handlerName=github.com/kubercloud/ani/services/ani-gateway/internal/router.(*networkLifecycleAPI).deleteSubnet-fm (num=2 handlers)
2026/09/10 11:25:27.477110 engine.go:668: [Debug] HERTZ: Method=GET    absolutePath=/api/v1/networks/operations/:operation_id --> handlerName=github.com/kubercloud/ani/services/ani-gateway/internal/router.(*networkLifecycleAPI).getOperation-fm (num=2 handlers)
=== RUN   TestNET05NetworkRoutesRejectInvalidTenantContextBeforeRPC/missing-context/GET/networks/vpcs
2026/09/10 11:25:27.477189 engine.go:668: [Debug] HERTZ: Method=POST   absolutePath=/api/v1/networks/vpcs     --> handlerName=github.com/kubercloud/ani/services/ani-gateway/internal/router.(*networkLifecycleAPI).createVPC-fm (num=2 handlers)
2026/09/10 11:25:27.477197 engine.go:668: [Debug] HERTZ: Method=GET    absolutePath=/api/v1/networks/vpcs     --> handlerName=github.com/kubercloud/ani/services/ani-gateway/internal/router.(*networkLifecycleAPI).listVPCs-fm (num=2 handlers)
2026/09/10 11:25:27.477202 engine.go:668: [Debug] HERTZ: Method=GET    absolutePath=/api/v1/networks/vpcs/:vpc_id --> handlerName=github.com/kubercloud/ani/services/ani-gateway/internal/router.(*networkLifecycleAPI).getVPC-fm (num=2 handlers)
2026/09/10 11:25:27.477209 engine.go:668: [Debug] HERTZ: Method=DELETE absolutePath=/api/v1/networks/vpcs/:vpc_id --> handlerName=github.com/kubercloud/ani/services/ani-gateway/internal/router.(*networkLifecycleAPI).deleteVPC-fm (num=2 handlers)
2026/09/10 11:25:27.477213 engine.go:668: [Debug] HERTZ: Method=POST   absolutePath=/api/v1/networks/subnets  --> handlerName=github.com/kubercloud/ani/services/ani-gateway/internal/router.(*networkLifecycleAPI).createSubnet-fm (num=2 handlers)
2026/09/10 11:25:27.477220 engine.go:668: [Debug] HERTZ: Method=GET    absolutePath=/api/v1/networks/subnets  --> handlerName=github.com/kubercloud/ani/services/ani-gateway/internal/router.(*networkLifecycleAPI).listSubnets-fm (num=2 handlers)
2026/09/10 11:25:27.477241 engine.go:668: [Debug] HERTZ: Method=GET    absolutePath=/api/v1/networks/subnets/:subnet_id --> handlerName=github.com/kubercloud/ani/services/ani-gateway/internal/router.(*networkLifecycleAPI).getSubnet-fm (num=2 handlers)
2026/09/10 11:25:27.477248 engine.go:668: [Debug] HERTZ: Method=DELETE absolutePath=/api/v1/networks/subnets/:subnet_id --> handlerName=github.com/kubercloud/ani/services/ani-gateway/internal/router.(*networkLifecycleAPI).deleteSubnet-fm (num=2 handlers)
2026/09/10 11:25:27.477252 engine.go:668: [Debug] HERTZ: Method=GET    absolutePath=/api/v1/networks/operations/:operation_id --> handlerName=github.com/kubercloud/ani/services/ani-gateway/internal/router.(*networkLifecycleAPI).getOperation-fm (num=2 handlers)
=== RUN   TestNET05NetworkRoutesRejectInvalidTenantContextBeforeRPC/missing-context/GET/networks/vpcs/vpc_00000000000000000000000000000001
2026/09/10 11:25:27.477337 engine.go:668: [Debug] HERTZ: Method=POST   absolutePath=/api/v1/networks/vpcs     --> handlerName=github.com/kubercloud/ani/services/ani-gateway/internal/router.(*networkLifecycleAPI).createVPC-fm (num=2 handlers)
2026/09/10 11:25:27.477346 engine.go:668: [Debug] HERTZ: Method=GET    absolutePath=/api/v1/networks/vpcs     --> handlerName=github.com/kubercloud/ani/services/ani-gateway/internal/router.(*networkLifecycleAPI).listVPCs-fm (num=2 handlers)
2026/09/10 11:25:27.477350 engine.go:668: [Debug] HERTZ: Method=GET    absolutePath=/api/v1/networks/vpcs/:vpc_id --> handlerName=github.com/kubercloud/ani/services/ani-gateway/internal/router.(*networkLifecycleAPI).getVPC-fm (num=2 handlers)
2026/09/10 11:25:27.477387 engine.go:668: [Debug] HERTZ: Method=DELETE absolutePath=/api/v1/networks/vpcs/:vpc_id --> handlerName=github.com/kubercloud/ani/services/ani-gateway/internal/router.(*networkLifecycleAPI).deleteVPC-fm (num=2 handlers)
2026/09/10 11:25:27.477394 engine.go:668: [Debug] HERTZ: Method=POST   absolutePath=/api/v1/networks/subnets  --> handlerName=github.com/kubercloud/ani/services/ani-gateway/internal/router.(*networkLifecycleAPI).createSubnet-fm (num=2 handlers)
2026/09/10 11:25:27.477399 engine.go:668: [Debug] HERTZ: Method=GET    absolutePath=/api/v1/networks/subnets  --> handlerName=github.com/kubercloud/ani/services/ani-gateway/internal/router.(*networkLifecycleAPI).listSubnets-fm (num=2 handlers)
2026/09/10 11:25:27.477407 engine.go:668: [Debug] HERTZ: Method=GET    absolutePath=/api/v1/networks/subnets/:subnet_id --> handlerName=github.com/kubercloud/ani/services/ani-gateway/internal/router.(*networkLifecycleAPI).getSubnet-fm (num=2 handlers)
2026/09/10 11:25:27.477412 engine.go:668: [Debug] HERTZ: Method=DELETE absolutePath=/api/v1/networks/subnets/:subnet_id --> handlerName=github.com/kubercloud/ani/services/ani-gateway/internal/router.(*networkLifecycleAPI).deleteSubnet-fm (num=2 handlers)
2026/09/10 11:25:27.477419 engine.go:668: [Debug] HERTZ: Method=GET    absolutePath=/api/v1/networks/operations/:operation_id --> handlerName=github.com/kubercloud/ani/services/ani-gateway/internal/router.(*networkLifecycleAPI).getOperation-fm (num=2 handlers)
=== RUN   TestNET05NetworkRoutesRejectInvalidTenantContextBeforeRPC/missing-context/DELETE/networks/vpcs/vpc_00000000000000000000000000000001
2026/09/10 11:25:27.477556 engine.go:668: [Debug] HERTZ: Method=POST   absolutePath=/api/v1/networks/vpcs     --> handlerName=github.com/kubercloud/ani/services/ani-gateway/internal/router.(*networkLifecycleAPI).createVPC-fm (num=2 handlers)
2026/09/10 11:25:27.477567 engine.go:668: [Debug] HERTZ: Method=GET    absolutePath=/api/v1/networks/vpcs     --> handlerName=github.com/kubercloud/ani/services/ani-gateway/internal/router.(*networkLifecycleAPI).listVPCs-fm (num=2 handlers)
2026/09/10 11:25:27.477572 engine.go:668: [Debug] HERTZ: Method=GET    absolutePath=/api/v1/networks/vpcs/:vpc_id --> handlerName=github.com/kubercloud/ani/services/ani-gateway/internal/router.(*networkLifecycleAPI).getVPC-fm (num=2 handlers)
2026/09/10 11:25:27.477580 engine.go:668: [Debug] HERTZ: Method=DELETE absolutePath=/api/v1/networks/vpcs/:vpc_id --> handlerName=github.com/kubercloud/ani/services/ani-gateway/internal/router.(*networkLifecycleAPI).deleteVPC-fm (num=2 handlers)
2026/09/10 11:25:27.477585 engine.go:668: [Debug] HERTZ: Method=POST   absolutePath=/api/v1/networks/subnets  --> handlerName=github.com/kubercloud/ani/services/ani-gateway/internal/router.(*networkLifecycleAPI).createSubnet-fm (num=2 handlers)
2026/09/10 11:25:27.477594 engine.go:668: [Debug] HERTZ: Method=GET    absolutePath=/api/v1/networks/subnets  --> handlerName=github.com/kubercloud/ani/services/ani-gateway/internal/router.(*networkLifecycleAPI).listSubnets-fm (num=2 handlers)
2026/09/10 11:25:27.477599 engine.go:668: [Debug] HERTZ: Method=GET    absolutePath=/api/v1/networks/subnets/:subnet_id --> handlerName=github.com/kubercloud/ani/services/ani-gateway/internal/router.(*networkLifecycleAPI).getSubnet-fm (num=2 handlers)
2026/09/10 11:25:27.477608 engine.go:668: [Debug] HERTZ: Method=DELETE absolutePath=/api/v1/networks/subnets/:subnet_id --> handlerName=github.com/kubercloud/ani/services/ani-gateway/internal/router.(*networkLifecycleAPI).deleteSubnet-fm (num=2 handlers)
2026/09/10 11:25:27.477615 engine.go:668: [Debug] HERTZ: Method=GET    absolutePath=/api/v1/networks/operations/:operation_id --> handlerName=github.com/kubercloud/ani/services/ani-gateway/internal/router.(*networkLifecycleAPI).getOperation-fm (num=2 handlers)
=== RUN   TestNET05NetworkRoutesRejectInvalidTenantContextBeforeRPC/missing-context/POST/networks/subnets
2026/09/10 11:25:27.477719 engine.go:668: [Debug] HERTZ: Method=POST   absolutePath=/api/v1/networks/vpcs     --> handlerName=github.com/kubercloud/ani/services/ani-gateway/internal/router.(*networkLifecycleAPI).createVPC-fm (num=2 handlers)
2026/09/10 11:25:27.477726 engine.go:668: [Debug] HERTZ: Method=GET    absolutePath=/api/v1/networks/vpcs     --> handlerName=github.com/kubercloud/ani/services/ani-gateway/internal/router.(*networkLifecycleAPI).listVPCs-fm (num=2 handlers)
2026/09/10 11:25:27.477731 engine.go:668: [Debug] HERTZ: Method=GET    absolutePath=/api/v1/networks/vpcs/:vpc_id --> handlerName=github.com/kubercloud/ani/services/ani-gateway/internal/router.(*networkLifecycleAPI).getVPC-fm (num=2 handlers)
2026/09/10 11:25:27.477738 engine.go:668: [Debug] HERTZ: Method=DELETE absolutePath=/api/v1/networks/vpcs/:vpc_id --> handlerName=github.com/kubercloud/ani/services/ani-gateway/internal/router.(*networkLifecycleAPI).deleteVPC-fm (num=2 handlers)
2026/09/10 11:25:27.477742 engine.go:668: [Debug] HERTZ: Method=POST   absolutePath=/api/v1/networks/subnets  --> handlerName=github.com/kubercloud/ani/services/ani-gateway/internal/router.(*networkLifecycleAPI).createSubnet-fm (num=2 handlers)
2026/09/10 11:25:27.477748 engine.go:668: [Debug] HERTZ: Method=GET    absolutePath=/api/v1/networks/subnets  --> handlerName=github.com/kubercloud/ani/services/ani-gateway/internal/router.(*networkLifecycleAPI).listSubnets-fm (num=2 handlers)
2026/09/10 11:25:27.477753 engine.go:668: [Debug] HERTZ: Method=GET    absolutePath=/api/v1/networks/subnets/:subnet_id --> handlerName=github.com/kubercloud/ani/services/ani-gateway/internal/router.(*networkLifecycleAPI).getSubnet-fm (num=2 handlers)
2026/09/10 11:25:27.477757 engine.go:668: [Debug] HERTZ: Method=DELETE absolutePath=/api/v1/networks/subnets/:subnet_id --> handlerName=github.com/kubercloud/ani/services/ani-gateway/internal/router.(*networkLifecycleAPI).deleteSubnet-fm (num=2 handlers)
2026/09/10 11:25:27.477767 engine.go:668: [Debug] HERTZ: Method=GET    absolutePath=/api/v1/networks/operations/:operation_id --> handlerName=github.com/kubercloud/ani/services/ani-gateway/internal/router.(*networkLifecycleAPI).getOperation-fm (num=2 handlers)
=== RUN   TestNET05NetworkRoutesRejectInvalidTenantContextBeforeRPC/missing-context/GET/networks/subnets
2026/09/10 11:25:27.477871 engine.go:668: [Debug] HERTZ: Method=POST   absolutePath=/api/v1/networks/vpcs     --> handlerName=github.com/kubercloud/ani/services/ani-gateway/internal/router.(*networkLifecycleAPI).createVPC-fm (num=2 handlers)
2026/09/10 11:25:27.477879 engine.go:668: [Debug] HERTZ: Method=GET    absolutePath=/api/v1/networks/vpcs     --> handlerName=github.com/kubercloud/ani/services/ani-gateway/internal/router.(*networkLifecycleAPI).listVPCs-fm (num=2 handlers)
2026/09/10 11:25:27.477885 engine.go:668: [Debug] HERTZ: Method=GET    absolutePath=/api/v1/networks/vpcs/:vpc_id --> handlerName=github.com/kubercloud/ani/services/ani-gateway/internal/router.(*networkLifecycleAPI).getVPC-fm (num=2 handlers)
2026/09/10 11:25:27.477893 engine.go:668: [Debug] HERTZ: Method=DELETE absolutePath=/api/v1/networks/vpcs/:vpc_id --> handlerName=github.com/kubercloud/ani/services/ani-gateway/internal/router.(*networkLifecycleAPI).deleteVPC-fm (num=2 handlers)
2026/09/10 11:25:27.477898 engine.go:668: [Debug] HERTZ: Method=POST   absolutePath=/api/v1/networks/subnets  --> handlerName=github.com/kubercloud/ani/services/ani-gateway/internal/router.(*networkLifecycleAPI).createSubnet-fm (num=2 handlers)
2026/09/10 11:25:27.477904 engine.go:668: [Debug] HERTZ: Method=GET    absolutePath=/api/v1/networks/subnets  --> handlerName=github.com/kubercloud/ani/services/ani-gateway/internal/router.(*networkLifecycleAPI).listSubnets-fm (num=2 handlers)
2026/09/10 11:25:27.477909 engine.go:668: [Debug] HERTZ: Method=GET    absolutePath=/api/v1/networks/subnets/:subnet_id --> handlerName=github.com/kubercloud/ani/services/ani-gateway/internal/router.(*networkLifecycleAPI).getSubnet-fm (num=2 handlers)
2026/09/10 11:25:27.477916 engine.go:668: [Debug] HERTZ: Method=DELETE absolutePath=/api/v1/networks/subnets/:subnet_id --> handlerName=github.com/kubercloud/ani/services/ani-gateway/internal/router.(*networkLifecycleAPI).deleteSubnet-fm (num=2 handlers)
2026/09/10 11:25:27.477924 engine.go:668: [Debug] HERTZ: Method=GET    absolutePath=/api/v1/networks/operations/:operation_id --> handlerName=github.com/kubercloud/ani/services/ani-gateway/internal/router.(*networkLifecycleAPI).getOperation-fm (num=2 handlers)
=== RUN   TestNET05NetworkRoutesRejectInvalidTenantContextBeforeRPC/missing-context/GET/networks/subnets/subnet_00000000000000000000000000000001
2026/09/10 11:25:27.478020 engine.go:668: [Debug] HERTZ: Method=POST   absolutePath=/api/v1/networks/vpcs     --> handlerName=github.com/kubercloud/ani/services/ani-gateway/internal/router.(*networkLifecycleAPI).createVPC-fm (num=2 handlers)
2026/09/10 11:25:27.478029 engine.go:668: [Debug] HERTZ: Method=GET    absolutePath=/api/v1/networks/vpcs     --> handlerName=github.com/kubercloud/ani/services/ani-gateway/internal/router.(*networkLifecycleAPI).listVPCs-fm (num=2 handlers)
2026/09/10 11:25:27.478034 engine.go:668: [Debug] HERTZ: Method=GET    absolutePath=/api/v1/networks/vpcs/:vpc_id --> handlerName=github.com/kubercloud/ani/services/ani-gateway/internal/router.(*networkLifecycleAPI).getVPC-fm (num=2 handlers)
2026/09/10 11:25:27.478041 engine.go:668: [Debug] HERTZ: Method=DELETE absolutePath=/api/v1/networks/vpcs/:vpc_id --> handlerName=github.com/kubercloud/ani/services/ani-gateway/internal/router.(*networkLifecycleAPI).deleteVPC-fm (num=2 handlers)
2026/09/10 11:25:27.478045 engine.go:668: [Debug] HERTZ: Method=POST   absolutePath=/api/v1/networks/subnets  --> handlerName=github.com/kubercloud/ani/services/ani-gateway/internal/router.(*networkLifecycleAPI).createSubnet-fm (num=2 handlers)
2026/09/10 11:25:27.478051 engine.go:668: [Debug] HERTZ: Method=GET    absolutePath=/api/v1/networks/subnets  --> handlerName=github.com/kubercloud/ani/services/ani-gateway/internal/router.(*networkLifecycleAPI).listSubnets-fm (num=2 handlers)
2026/09/10 11:25:27.478054 engine.go:668: [Debug] HERTZ: Method=GET    absolutePath=/api/v1/networks/subnets/:subnet_id --> handlerName=github.com/kubercloud/ani/services/ani-gateway/internal/router.(*networkLifecycleAPI).getSubnet-fm (num=2 handlers)
2026/09/10 11:25:27.478058 engine.go:668: [Debug] HERTZ: Method=DELETE absolutePath=/api/v1/networks/subnets/:subnet_id --> handlerName=github.com/kubercloud/ani/services/ani-gateway/internal/router.(*networkLifecycleAPI).deleteSubnet-fm (num=2 handlers)
2026/09/10 11:25:27.478070 engine.go:668: [Debug] HERTZ: Method=GET    absolutePath=/api/v1/networks/operations/:operation_id --> handlerName=github.com/kubercloud/ani/services/ani-gateway/internal/router.(*networkLifecycleAPI).getOperation-fm (num=2 handlers)
=== RUN   TestNET05NetworkRoutesRejectInvalidTenantContextBeforeRPC/missing-context/DELETE/networks/subnets/subnet_00000000000000000000000000000001
2026/09/10 11:25:27.478173 engine.go:668: [Debug] HERTZ: Method=POST   absolutePath=/api/v1/networks/vpcs     --> handlerName=github.com/kubercloud/ani/services/ani-gateway/internal/router.(*networkLifecycleAPI).createVPC-fm (num=2 handlers)
2026/09/10 11:25:27.478181 engine.go:668: [Debug] HERTZ: Method=GET    absolutePath=/api/v1/networks/vpcs     --> handlerName=github.com/kubercloud/ani/services/ani-gateway/internal/router.(*networkLifecycleAPI).listVPCs-fm (num=2 handlers)
2026/09/10 11:25:27.478187 engine.go:668: [Debug] HERTZ: Method=GET    absolutePath=/api/v1/networks/vpcs/:vpc_id --> handlerName=github.com/kubercloud/ani/services/ani-gateway/internal/router.(*networkLifecycleAPI).getVPC-fm (num=2 handlers)
2026/09/10 11:25:27.478195 engine.go:668: [Debug] HERTZ: Method=DELETE absolutePath=/api/v1/networks/vpcs/:vpc_id --> handlerName=github.com/kubercloud/ani/services/ani-gateway/internal/router.(*networkLifecycleAPI).deleteVPC-fm (num=2 handlers)
2026/09/10 11:25:27.478206 engine.go:668: [Debug] HERTZ: Method=POST   absolutePath=/api/v1/networks/subnets  --> handlerName=github.com/kubercloud/ani/services/ani-gateway/internal/router.(*networkLifecycleAPI).createSubnet-fm (num=2 handlers)
2026/09/10 11:25:27.478212 engine.go:668: [Debug] HERTZ: Method=GET    absolutePath=/api/v1/networks/subnets  --> handlerName=github.com/kubercloud/ani/services/ani-gateway/internal/router.(*networkLifecycleAPI).listSubnets-fm (num=2 handlers)
2026/09/10 11:25:27.478216 engine.go:668: [Debug] HERTZ: Method=GET    absolutePath=/api/v1/networks/subnets/:subnet_id --> handlerName=github.com/kubercloud/ani/services/ani-gateway/internal/router.(*networkLifecycleAPI).getSubnet-fm (num=2 handlers)
2026/09/10 11:25:27.478222 engine.go:668: [Debug] HERTZ: Method=DELETE absolutePath=/api/v1/networks/subnets/:subnet_id --> handlerName=github.com/kubercloud/ani/services/ani-gateway/internal/router.(*networkLifecycleAPI).deleteSubnet-fm (num=2 handlers)
2026/09/10 11:25:27.478226 engine.go:668: [Debug] HERTZ: Method=GET    absolutePath=/api/v1/networks/operations/:operation_id --> handlerName=github.com/kubercloud/ani/services/ani-gateway/internal/router.(*networkLifecycleAPI).getOperation-fm (num=2 handlers)
=== RUN   TestNET05NetworkRoutesRejectInvalidTenantContextBeforeRPC/missing-context/GET/networks/operations/00000000-0000-4000-8000-000000000001
2026/09/10 11:25:27.478315 engine.go:668: [Debug] HERTZ: Method=POST   absolutePath=/api/v1/networks/vpcs     --> handlerName=github.com/kubercloud/ani/services/ani-gateway/internal/router.(*networkLifecycleAPI).createVPC-fm (num=2 handlers)
2026/09/10 11:25:27.478323 engine.go:668: [Debug] HERTZ: Method=GET    absolutePath=/api/v1/networks/vpcs     --> handlerName=github.com/kubercloud/ani/services/ani-gateway/internal/router.(*networkLifecycleAPI).listVPCs-fm (num=2 handlers)
2026/09/10 11:25:27.478334 engine.go:668: [Debug] HERTZ: Method=GET    absolutePath=/api/v1/networks/vpcs/:vpc_id --> handlerName=github.com/kubercloud/ani/services/ani-gateway/internal/router.(*networkLifecycleAPI).getVPC-fm (num=2 handlers)
2026/09/10 11:25:27.478341 engine.go:668: [Debug] HERTZ: Method=DELETE absolutePath=/api/v1/networks/vpcs/:vpc_id --> handlerName=github.com/kubercloud/ani/services/ani-gateway/internal/router.(*networkLifecycleAPI).deleteVPC-fm (num=2 handlers)
2026/09/10 11:25:27.478346 engine.go:668: [Debug] HERTZ: Method=POST   absolutePath=/api/v1/networks/subnets  --> handlerName=github.com/kubercloud/ani/services/ani-gateway/internal/router.(*networkLifecycleAPI).createSubnet-fm (num=2 handlers)
2026/09/10 11:25:27.478351 engine.go:668: [Debug] HERTZ: Method=GET    absolutePath=/api/v1/networks/subnets  --> handlerName=github.com/kubercloud/ani/services/ani-gateway/internal/router.(*networkLifecycleAPI).listSubnets-fm (num=2 handlers)
2026/09/10 11:25:27.478355 engine.go:668: [Debug] HERTZ: Method=GET    absolutePath=/api/v1/networks/subnets/:subnet_id --> handlerName=github.com/kubercloud/ani/services/ani-gateway/internal/router.(*networkLifecycleAPI).getSubnet-fm (num=2 handlers)
2026/09/10 11:25:27.478359 engine.go:668: [Debug] HERTZ: Method=DELETE absolutePath=/api/v1/networks/subnets/:subnet_id --> handlerName=github.com/kubercloud/ani/services/ani-gateway/internal/router.(*networkLifecycleAPI).deleteSubnet-fm (num=2 handlers)
2026/09/10 11:25:27.478367 engine.go:668: [Debug] HERTZ: Method=GET    absolutePath=/api/v1/networks/operations/:operation_id --> handlerName=github.com/kubercloud/ani/services/ani-gateway/internal/router.(*networkLifecycleAPI).getOperation-fm (num=2 handlers)
=== RUN   TestNET05NetworkRoutesRejectInvalidTenantContextBeforeRPC/inconsistent/POST/networks/vpcs
2026/09/10 11:25:27.478442 engine.go:668: [Debug] HERTZ: Method=POST   absolutePath=/api/v1/networks/vpcs     --> handlerName=github.com/kubercloud/ani/services/ani-gateway/internal/router.(*networkLifecycleAPI).createVPC-fm (num=2 handlers)
2026/09/10 11:25:27.478462 engine.go:668: [Debug] HERTZ: Method=GET    absolutePath=/api/v1/networks/vpcs     --> handlerName=github.com/kubercloud/ani/services/ani-gateway/internal/router.(*networkLifecycleAPI).listVPCs-fm (num=2 handlers)
2026/09/10 11:25:27.478467 engine.go:668: [Debug] HERTZ: Method=GET    absolutePath=/api/v1/networks/vpcs/:vpc_id --> handlerName=github.com/kubercloud/ani/services/ani-gateway/internal/router.(*networkLifecycleAPI).getVPC-fm (num=2 handlers)
2026/09/10 11:25:27.478476 engine.go:668: [Debug] HERTZ: Method=DELETE absolutePath=/api/v1/networks/vpcs/:vpc_id --> handlerName=github.com/kubercloud/ani/services/ani-gateway/internal/router.(*networkLifecycleAPI).deleteVPC-fm (num=2 handlers)
2026/09/10 11:25:27.478487 engine.go:668: [Debug] HERTZ: Method=POST   absolutePath=/api/v1/networks/subnets  --> handlerName=github.com/kubercloud/ani/services/ani-gateway/internal/router.(*networkLifecycleAPI).createSubnet-fm (num=2 handlers)
2026/09/10 11:25:27.478495 engine.go:668: [Debug] HERTZ: Method=GET    absolutePath=/api/v1/networks/subnets  --> handlerName=github.com/kubercloud/ani/services/ani-gateway/internal/router.(*networkLifecycleAPI).listSubnets-fm (num=2 handlers)
2026/09/10 11:25:27.478498 engine.go:668: [Debug] HERTZ: Method=GET    absolutePath=/api/v1/networks/subnets/:subnet_id --> handlerName=github.com/kubercloud/ani/services/ani-gateway/internal/router.(*networkLifecycleAPI).getSubnet-fm (num=2 handlers)
2026/09/10 11:25:27.478503 engine.go:668: [Debug] HERTZ: Method=DELETE absolutePath=/api/v1/networks/subnets/:subnet_id --> handlerName=github.com/kubercloud/ani/services/ani-gateway/internal/router.(*networkLifecycleAPI).deleteSubnet-fm (num=2 handlers)
2026/09/10 11:25:27.478507 engine.go:668: [Debug] HERTZ: Method=GET    absolutePath=/api/v1/networks/operations/:operation_id --> handlerName=github.com/kubercloud/ani/services/ani-gateway/internal/router.(*networkLifecycleAPI).getOperation-fm (num=2 handlers)
=== RUN   TestNET05NetworkRoutesRejectInvalidTenantContextBeforeRPC/inconsistent/GET/networks/vpcs
2026/09/10 11:25:27.478602 engine.go:668: [Debug] HERTZ: Method=POST   absolutePath=/api/v1/networks/vpcs     --> handlerName=github.com/kubercloud/ani/services/ani-gateway/internal/router.(*networkLifecycleAPI).createVPC-fm (num=2 handlers)
2026/09/10 11:25:27.478610 engine.go:668: [Debug] HERTZ: Method=GET    absolutePath=/api/v1/networks/vpcs     --> handlerName=github.com/kubercloud/ani/services/ani-gateway/internal/router.(*networkLifecycleAPI).listVPCs-fm (num=2 handlers)
2026/09/10 11:25:27.478615 engine.go:668: [Debug] HERTZ: Method=GET    absolutePath=/api/v1/networks/vpcs/:vpc_id --> handlerName=github.com/kubercloud/ani/services/ani-gateway/internal/router.(*networkLifecycleAPI).getVPC-fm (num=2 handlers)
2026/09/10 11:25:27.478621 engine.go:668: [Debug] HERTZ: Method=DELETE absolutePath=/api/v1/networks/vpcs/:vpc_id --> handlerName=github.com/kubercloud/ani/services/ani-gateway/internal/router.(*networkLifecycleAPI).deleteVPC-fm (num=2 handlers)
2026/09/10 11:25:27.478625 engine.go:668: [Debug] HERTZ: Method=POST   absolutePath=/api/v1/networks/subnets  --> handlerName=github.com/kubercloud/ani/services/ani-gateway/internal/router.(*networkLifecycleAPI).createSubnet-fm (num=2 handlers)
2026/09/10 11:25:27.478632 engine.go:668: [Debug] HERTZ: Method=GET    absolutePath=/api/v1/networks/subnets  --> handlerName=github.com/kubercloud/ani/services/ani-gateway/internal/router.(*networkLifecycleAPI).listSubnets-fm (num=2 handlers)
2026/09/10 11:25:27.478641 engine.go:668: [Debug] HERTZ: Method=GET    absolutePath=/api/v1/networks/subnets/:subnet_id --> handlerName=github.com/kubercloud/ani/services/ani-gateway/internal/router.(*networkLifecycleAPI).getSubnet-fm (num=2 handlers)
2026/09/10 11:25:27.478644 engine.go:668: [Debug] HERTZ: Method=DELETE absolutePath=/api/v1/networks/subnets/:subnet_id --> handlerName=github.com/kubercloud/ani/services/ani-gateway/internal/router.(*networkLifecycleAPI).deleteSubnet-fm (num=2 handlers)
2026/09/10 11:25:27.478649 engine.go:668: [Debug] HERTZ: Method=GET    absolutePath=/api/v1/networks/operations/:operation_id --> handlerName=github.com/kubercloud/ani/services/ani-gateway/internal/router.(*networkLifecycleAPI).getOperation-fm (num=2 handlers)
=== RUN   TestNET05NetworkRoutesRejectInvalidTenantContextBeforeRPC/inconsistent/GET/networks/vpcs/vpc_00000000000000000000000000000001
2026/09/10 11:25:27.478744 engine.go:668: [Debug] HERTZ: Method=POST   absolutePath=/api/v1/networks/vpcs     --> handlerName=github.com/kubercloud/ani/services/ani-gateway/internal/router.(*networkLifecycleAPI).createVPC-fm (num=2 handlers)
2026/09/10 11:25:27.478752 engine.go:668: [Debug] HERTZ: Method=GET    absolutePath=/api/v1/networks/vpcs     --> handlerName=github.com/kubercloud/ani/services/ani-gateway/internal/router.(*networkLifecycleAPI).listVPCs-fm (num=2 handlers)
2026/09/10 11:25:27.478757 engine.go:668: [Debug] HERTZ: Method=GET    absolutePath=/api/v1/networks/vpcs/:vpc_id --> handlerName=github.com/kubercloud/ani/services/ani-gateway/internal/router.(*networkLifecycleAPI).getVPC-fm (num=2 handlers)
2026/09/10 11:25:27.478764 engine.go:668: [Debug] HERTZ: Method=DELETE absolutePath=/api/v1/networks/vpcs/:vpc_id --> handlerName=github.com/kubercloud/ani/services/ani-gateway/internal/router.(*networkLifecycleAPI).deleteVPC-fm (num=2 handlers)
2026/09/10 11:25:27.478768 engine.go:668: [Debug] HERTZ: Method=POST   absolutePath=/api/v1/networks/subnets  --> handlerName=github.com/kubercloud/ani/services/ani-gateway/internal/router.(*networkLifecycleAPI).createSubnet-fm (num=2 handlers)
2026/09/10 11:25:27.478774 engine.go:668: [Debug] HERTZ: Method=GET    absolutePath=/api/v1/networks/subnets  --> handlerName=github.com/kubercloud/ani/services/ani-gateway/internal/router.(*networkLifecycleAPI).listSubnets-fm (num=2 handlers)
2026/09/10 11:25:27.478778 engine.go:668: [Debug] HERTZ: Method=GET    absolutePath=/api/v1/networks/subnets/:subnet_id --> handlerName=github.com/kubercloud/ani/services/ani-gateway/internal/router.(*networkLifecycleAPI).getSubnet-fm (num=2 handlers)
2026/09/10 11:25:27.478784 engine.go:668: [Debug] HERTZ: Method=DELETE absolutePath=/api/v1/networks/subnets/:subnet_id --> handlerName=github.com/kubercloud/ani/services/ani-gateway/internal/router.(*networkLifecycleAPI).deleteSubnet-fm (num=2 handlers)
2026/09/10 11:25:27.478790 engine.go:668: [Debug] HERTZ: Method=GET    absolutePath=/api/v1/networks/operations/:operation_id --> handlerName=github.com/kubercloud/ani/services/ani-gateway/internal/router.(*networkLifecycleAPI).getOperation-fm (num=2 handlers)
=== RUN   TestNET05NetworkRoutesRejectInvalidTenantContextBeforeRPC/inconsistent/DELETE/networks/vpcs/vpc_00000000000000000000000000000001
2026/09/10 11:25:27.478869 engine.go:668: [Debug] HERTZ: Method=POST   absolutePath=/api/v1/networks/vpcs     --> handlerName=github.com/kubercloud/ani/services/ani-gateway/internal/router.(*networkLifecycleAPI).createVPC-fm (num=2 handlers)
2026/09/10 11:25:27.478913 engine.go:668: [Debug] HERTZ: Method=GET    absolutePath=/api/v1/networks/vpcs     --> handlerName=github.com/kubercloud/ani/services/ani-gateway/internal/router.(*networkLifecycleAPI).listVPCs-fm (num=2 handlers)
2026/09/10 11:25:27.478920 engine.go:668: [Debug] HERTZ: Method=GET    absolutePath=/api/v1/networks/vpcs/:vpc_id --> handlerName=github.com/kubercloud/ani/services/ani-gateway/internal/router.(*networkLifecycleAPI).getVPC-fm (num=2 handlers)
2026/09/10 11:25:27.478925 engine.go:668: [Debug] HERTZ: Method=DELETE absolutePath=/api/v1/networks/vpcs/:vpc_id --> handlerName=github.com/kubercloud/ani/services/ani-gateway/internal/router.(*networkLifecycleAPI).deleteVPC-fm (num=2 handlers)
2026/09/10 11:25:27.478929 engine.go:668: [Debug] HERTZ: Method=POST   absolutePath=/api/v1/networks/subnets  --> handlerName=github.com/kubercloud/ani/services/ani-gateway/internal/router.(*networkLifecycleAPI).createSubnet-fm (num=2 handlers)
2026/09/10 11:25:27.478935 engine.go:668: [Debug] HERTZ: Method=GET    absolutePath=/api/v1/networks/subnets  --> handlerName=github.com/kubercloud/ani/services/ani-gateway/internal/router.(*networkLifecycleAPI).listSubnets-fm (num=2 handlers)
2026/09/10 11:25:27.478939 engine.go:668: [Debug] HERTZ: Method=GET    absolutePath=/api/v1/networks/subnets/:subnet_id --> handlerName=github.com/kubercloud/ani/services/ani-gateway/internal/router.(*networkLifecycleAPI).getSubnet-fm (num=2 handlers)
2026/09/10 11:25:27.478946 engine.go:668: [Debug] HERTZ: Method=DELETE absolutePath=/api/v1/networks/subnets/:subnet_id --> handlerName=github.com/kubercloud/ani/services/ani-gateway/internal/router.(*networkLifecycleAPI).deleteSubnet-fm (num=2 handlers)
2026/09/10 11:25:27.478951 engine.go:668: [Debug] HERTZ: Method=GET    absolutePath=/api/v1/networks/operations/:operation_id --> handlerName=github.com/kubercloud/ani/services/ani-gateway/internal/router.(*networkLifecycleAPI).getOperation-fm (num=2 handlers)
=== RUN   TestNET05NetworkRoutesRejectInvalidTenantContextBeforeRPC/inconsistent/POST/networks/subnets
2026/09/10 11:25:27.479106 engine.go:668: [Debug] HERTZ: Method=POST   absolutePath=/api/v1/networks/vpcs     --> handlerName=github.com/kubercloud/ani/services/ani-gateway/internal/router.(*networkLifecycleAPI).createVPC-fm (num=2 handlers)
2026/09/10 11:25:27.479125 engine.go:668: [Debug] HERTZ: Method=GET    absolutePath=/api/v1/networks/vpcs     --> handlerName=github.com/kubercloud/ani/services/ani-gateway/internal/router.(*networkLifecycleAPI).listVPCs-fm (num=2 handlers)
2026/09/10 11:25:27.479130 engine.go:668: [Debug] HERTZ: Method=GET    absolutePath=/api/v1/networks/vpcs/:vpc_id --> handlerName=github.com/kubercloud/ani/services/ani-gateway/internal/router.(*networkLifecycleAPI).getVPC-fm (num=2 handlers)
2026/09/10 11:25:27.479135 engine.go:668: [Debug] HERTZ: Method=DELETE absolutePath=/api/v1/networks/vpcs/:vpc_id --> handlerName=github.com/kubercloud/ani/services/ani-gateway/internal/router.(*networkLifecycleAPI).deleteVPC-fm (num=2 handlers)
2026/09/10 11:25:27.479142 engine.go:668: [Debug] HERTZ: Method=POST   absolutePath=/api/v1/networks/subnets  --> handlerName=github.com/kubercloud/ani/services/ani-gateway/internal/router.(*networkLifecycleAPI).createSubnet-fm (num=2 handlers)
2026/09/10 11:25:27.479146 engine.go:668: [Debug] HERTZ: Method=GET    absolutePath=/api/v1/networks/subnets  --> handlerName=github.com/kubercloud/ani/services/ani-gateway/internal/router.(*networkLifecycleAPI).listSubnets-fm (num=2 handlers)
2026/09/10 11:25:27.479153 engine.go:668: [Debug] HERTZ: Method=GET    absolutePath=/api/v1/networks/subnets/:subnet_id --> handlerName=github.com/kubercloud/ani/services/ani-gateway/internal/router.(*networkLifecycleAPI).getSubnet-fm (num=2 handlers)
2026/09/10 11:25:27.479157 engine.go:668: [Debug] HERTZ: Method=DELETE absolutePath=/api/v1/networks/subnets/:subnet_id --> handlerName=github.com/kubercloud/ani/services/ani-gateway/internal/router.(*networkLifecycleAPI).deleteSubnet-fm (num=2 handlers)
2026/09/10 11:25:27.479178 engine.go:668: [Debug] HERTZ: Method=GET    absolutePath=/api/v1/networks/operations/:operation_id --> handlerName=github.com/kubercloud/ani/services/ani-gateway/internal/router.(*networkLifecycleAPI).getOperation-fm (num=2 handlers)
=== RUN   TestNET05NetworkRoutesRejectInvalidTenantContextBeforeRPC/inconsistent/GET/networks/subnets
2026/09/10 11:25:27.479284 engine.go:668: [Debug] HERTZ: Method=POST   absolutePath=/api/v1/networks/vpcs     --> handlerName=github.com/kubercloud/ani/services/ani-gateway/internal/router.(*networkLifecycleAPI).createVPC-fm (num=2 handlers)
2026/09/10 11:25:27.479294 engine.go:668: [Debug] HERTZ: Method=GET    absolutePath=/api/v1/networks/vpcs     --> handlerName=github.com/kubercloud/ani/services/ani-gateway/internal/router.(*networkLifecycleAPI).listVPCs-fm (num=2 handlers)
2026/09/10 11:25:27.479300 engine.go:668: [Debug] HERTZ: Method=GET    absolutePath=/api/v1/networks/vpcs/:vpc_id --> handlerName=github.com/kubercloud/ani/services/ani-gateway/internal/router.(*networkLifecycleAPI).getVPC-fm (num=2 handlers)
2026/09/10 11:25:27.479306 engine.go:668: [Debug] HERTZ: Method=DELETE absolutePath=/api/v1/networks/vpcs/:vpc_id --> handlerName=github.com/kubercloud/ani/services/ani-gateway/internal/router.(*networkLifecycleAPI).deleteVPC-fm (num=2 handlers)
2026/09/10 11:25:27.479310 engine.go:668: [Debug] HERTZ: Method=POST   absolutePath=/api/v1/networks/subnets  --> handlerName=github.com/kubercloud/ani/services/ani-gateway/internal/router.(*networkLifecycleAPI).createSubnet-fm (num=2 handlers)
2026/09/10 11:25:27.479314 engine.go:668: [Debug] HERTZ: Method=GET    absolutePath=/api/v1/networks/subnets  --> handlerName=github.com/kubercloud/ani/services/ani-gateway/internal/router.(*networkLifecycleAPI).listSubnets-fm (num=2 handlers)
2026/09/10 11:25:27.479318 engine.go:668: [Debug] HERTZ: Method=GET    absolutePath=/api/v1/networks/subnets/:subnet_id --> handlerName=github.com/kubercloud/ani/services/ani-gateway/internal/router.(*networkLifecycleAPI).getSubnet-fm (num=2 handlers)
2026/09/10 11:25:27.479322 engine.go:668: [Debug] HERTZ: Method=DELETE absolutePath=/api/v1/networks/subnets/:subnet_id --> handlerName=github.com/kubercloud/ani/services/ani-gateway/internal/router.(*networkLifecycleAPI).deleteSubnet-fm (num=2 handlers)
2026/09/10 11:25:27.479326 engine.go:668: [Debug] HERTZ: Method=GET    absolutePath=/api/v1/networks/operations/:operation_id --> handlerName=github.com/kubercloud/ani/services/ani-gateway/internal/router.(*networkLifecycleAPI).getOperation-fm (num=2 handlers)
=== RUN   TestNET05NetworkRoutesRejectInvalidTenantContextBeforeRPC/inconsistent/GET/networks/subnets/subnet_00000000000000000000000000000001
2026/09/10 11:25:27.479418 engine.go:668: [Debug] HERTZ: Method=POST   absolutePath=/api/v1/networks/vpcs     --> handlerName=github.com/kubercloud/ani/services/ani-gateway/internal/router.(*networkLifecycleAPI).createVPC-fm (num=2 handlers)
2026/09/10 11:25:27.479426 engine.go:668: [Debug] HERTZ: Method=GET    absolutePath=/api/v1/networks/vpcs     --> handlerName=github.com/kubercloud/ani/services/ani-gateway/internal/router.(*networkLifecycleAPI).listVPCs-fm (num=2 handlers)
2026/09/10 11:25:27.479430 engine.go:668: [Debug] HERTZ: Method=GET    absolutePath=/api/v1/networks/vpcs/:vpc_id --> handlerName=github.com/kubercloud/ani/services/ani-gateway/internal/router.(*networkLifecycleAPI).getVPC-fm (num=2 handlers)
2026/09/10 11:25:27.479440 engine.go:668: [Debug] HERTZ: Method=DELETE absolutePath=/api/v1/networks/vpcs/:vpc_id --> handlerName=github.com/kubercloud/ani/services/ani-gateway/internal/router.(*networkLifecycleAPI).deleteVPC-fm (num=2 handlers)
2026/09/10 11:25:27.479460 engine.go:668: [Debug] HERTZ: Method=POST   absolutePath=/api/v1/networks/subnets  --> handlerName=github.com/kubercloud/ani/services/ani-gateway/internal/router.(*networkLifecycleAPI).createSubnet-fm (num=2 handlers)
2026/09/10 11:25:27.479472 engine.go:668: [Debug] HERTZ: Method=GET    absolutePath=/api/v1/networks/subnets  --> handlerName=github.com/kubercloud/ani/services/ani-gateway/internal/router.(*networkLifecycleAPI).listSubnets-fm (num=2 handlers)
2026/09/10 11:25:27.479477 engine.go:668: [Debug] HERTZ: Method=GET    absolutePath=/api/v1/networks/subnets/:subnet_id --> handlerName=github.com/kubercloud/ani/services/ani-gateway/internal/router.(*networkLifecycleAPI).getSubnet-fm (num=2 handlers)
2026/09/10 11:25:27.479482 engine.go:668: [Debug] HERTZ: Method=DELETE absolutePath=/api/v1/networks/subnets/:subnet_id --> handlerName=github.com/kubercloud/ani/services/ani-gateway/internal/router.(*networkLifecycleAPI).deleteSubnet-fm (num=2 handlers)
2026/09/10 11:25:27.479488 engine.go:668: [Debug] HERTZ: Method=GET    absolutePath=/api/v1/networks/operations/:operation_id --> handlerName=github.com/kubercloud/ani/services/ani-gateway/internal/router.(*networkLifecycleAPI).getOperation-fm (num=2 handlers)
=== RUN   TestNET05NetworkRoutesRejectInvalidTenantContextBeforeRPC/inconsistent/DELETE/networks/subnets/subnet_00000000000000000000000000000001
2026/09/10 11:25:27.479601 engine.go:668: [Debug] HERTZ: Method=POST   absolutePath=/api/v1/networks/vpcs     --> handlerName=github.com/kubercloud/ani/services/ani-gateway/internal/router.(*networkLifecycleAPI).createVPC-fm (num=2 handlers)
2026/09/10 11:25:27.479609 engine.go:668: [Debug] HERTZ: Method=GET    absolutePath=/api/v1/networks/vpcs     --> handlerName=github.com/kubercloud/ani/services/ani-gateway/internal/router.(*networkLifecycleAPI).listVPCs-fm (num=2 handlers)
2026/09/10 11:25:27.479615 engine.go:668: [Debug] HERTZ: Method=GET    absolutePath=/api/v1/networks/vpcs/:vpc_id --> handlerName=github.com/kubercloud/ani/services/ani-gateway/internal/router.(*networkLifecycleAPI).getVPC-fm (num=2 handlers)
2026/09/10 11:25:27.479620 engine.go:668: [Debug] HERTZ: Method=DELETE absolutePath=/api/v1/networks/vpcs/:vpc_id --> handlerName=github.com/kubercloud/ani/services/ani-gateway/internal/router.(*networkLifecycleAPI).deleteVPC-fm (num=2 handlers)
2026/09/10 11:25:27.479627 engine.go:668: [Debug] HERTZ: Method=POST   absolutePath=/api/v1/networks/subnets  --> handlerName=github.com/kubercloud/ani/services/ani-gateway/internal/router.(*networkLifecycleAPI).createSubnet-fm (num=2 handlers)
2026/09/10 11:25:27.479632 engine.go:668: [Debug] HERTZ: Method=GET    absolutePath=/api/v1/networks/subnets  --> handlerName=github.com/kubercloud/ani/services/ani-gateway/internal/router.(*networkLifecycleAPI).listSubnets-fm (num=2 handlers)
2026/09/10 11:25:27.479636 engine.go:668: [Debug] HERTZ: Method=GET    absolutePath=/api/v1/networks/subnets/:subnet_id --> handlerName=github.com/kubercloud/ani/services/ani-gateway/internal/router.(*networkLifecycleAPI).getSubnet-fm (num=2 handlers)
2026/09/10 11:25:27.479643 engine.go:668: [Debug] HERTZ: Method=DELETE absolutePath=/api/v1/networks/subnets/:subnet_id --> handlerName=github.com/kubercloud/ani/services/ani-gateway/internal/router.(*networkLifecycleAPI).deleteSubnet-fm (num=2 handlers)
2026/09/10 11:25:27.479651 engine.go:668: [Debug] HERTZ: Method=GET    absolutePath=/api/v1/networks/operations/:operation_id --> handlerName=github.com/kubercloud/ani/services/ani-gateway/internal/router.(*networkLifecycleAPI).getOperation-fm (num=2 handlers)
=== RUN   TestNET05NetworkRoutesRejectInvalidTenantContextBeforeRPC/inconsistent/GET/networks/operations/00000000-0000-4000-8000-000000000001
2026/09/10 11:25:27.479749 engine.go:668: [Debug] HERTZ: Method=POST   absolutePath=/api/v1/networks/vpcs     --> handlerName=github.com/kubercloud/ani/services/ani-gateway/internal/router.(*networkLifecycleAPI).createVPC-fm (num=2 handlers)
2026/09/10 11:25:27.479758 engine.go:668: [Debug] HERTZ: Method=GET    absolutePath=/api/v1/networks/vpcs     --> handlerName=github.com/kubercloud/ani/services/ani-gateway/internal/router.(*networkLifecycleAPI).listVPCs-fm (num=2 handlers)
2026/09/10 11:25:27.479762 engine.go:668: [Debug] HERTZ: Method=GET    absolutePath=/api/v1/networks/vpcs/:vpc_id --> handlerName=github.com/kubercloud/ani/services/ani-gateway/internal/router.(*networkLifecycleAPI).getVPC-fm (num=2 handlers)
2026/09/10 11:25:27.479769 engine.go:668: [Debug] HERTZ: Method=DELETE absolutePath=/api/v1/networks/vpcs/:vpc_id --> handlerName=github.com/kubercloud/ani/services/ani-gateway/internal/router.(*networkLifecycleAPI).deleteVPC-fm (num=2 handlers)
2026/09/10 11:25:27.479774 engine.go:668: [Debug] HERTZ: Method=POST   absolutePath=/api/v1/networks/subnets  --> handlerName=github.com/kubercloud/ani/services/ani-gateway/internal/router.(*networkLifecycleAPI).createSubnet-fm (num=2 handlers)
2026/09/10 11:25:27.479780 engine.go:668: [Debug] HERTZ: Method=GET    absolutePath=/api/v1/networks/subnets  --> handlerName=github.com/kubercloud/ani/services/ani-gateway/internal/router.(*networkLifecycleAPI).listSubnets-fm (num=2 handlers)
2026/09/10 11:25:27.479784 engine.go:668: [Debug] HERTZ: Method=GET    absolutePath=/api/v1/networks/subnets/:subnet_id --> handlerName=github.com/kubercloud/ani/services/ani-gateway/internal/router.(*networkLifecycleAPI).getSubnet-fm (num=2 handlers)
2026/09/10 11:25:27.479788 engine.go:668: [Debug] HERTZ: Method=DELETE absolutePath=/api/v1/networks/subnets/:subnet_id --> handlerName=github.com/kubercloud/ani/services/ani-gateway/internal/router.(*networkLifecycleAPI).deleteSubnet-fm (num=2 handlers)
2026/09/10 11:25:27.479793 engine.go:668: [Debug] HERTZ: Method=GET    absolutePath=/api/v1/networks/operations/:operation_id --> handlerName=github.com/kubercloud/ani/services/ani-gateway/internal/router.(*networkLifecycleAPI).getOperation-fm (num=2 handlers)
--- PASS: TestNET05NetworkRoutesRejectInvalidTenantContextBeforeRPC (0.01s)
    --- PASS: TestNET05NetworkRoutesRejectInvalidTenantContextBeforeRPC/missing/POST/networks/vpcs (0.00s)
    --- PASS: TestNET05NetworkRoutesRejectInvalidTenantContextBeforeRPC/missing/GET/networks/vpcs (0.00s)
    --- PASS: TestNET05NetworkRoutesRejectInvalidTenantContextBeforeRPC/missing/GET/networks/vpcs/vpc_00000000000000000000000000000001 (0.00s)
    --- PASS: TestNET05NetworkRoutesRejectInvalidTenantContextBeforeRPC/missing/DELETE/networks/vpcs/vpc_00000000000000000000000000000001 (0.00s)
    --- PASS: TestNET05NetworkRoutesRejectInvalidTenantContextBeforeRPC/missing/POST/networks/subnets (0.00s)
    --- PASS: TestNET05NetworkRoutesRejectInvalidTenantContextBeforeRPC/missing/GET/networks/subnets (0.00s)
    --- PASS: TestNET05NetworkRoutesRejectInvalidTenantContextBeforeRPC/missing/GET/networks/subnets/subnet_00000000000000000000000000000001 (0.00s)
    --- PASS: TestNET05NetworkRoutesRejectInvalidTenantContextBeforeRPC/missing/DELETE/networks/subnets/subnet_00000000000000000000000000000001 (0.00s)
    --- PASS: TestNET05NetworkRoutesRejectInvalidTenantContextBeforeRPC/missing/GET/networks/operations/00000000-0000-4000-8000-000000000001 (0.00s)
    --- PASS: TestNET05NetworkRoutesRejectInvalidTenantContextBeforeRPC/invalid/POST/networks/vpcs (0.00s)
    --- PASS: TestNET05NetworkRoutesRejectInvalidTenantContextBeforeRPC/invalid/GET/networks/vpcs (0.00s)
    --- PASS: TestNET05NetworkRoutesRejectInvalidTenantContextBeforeRPC/invalid/GET/networks/vpcs/vpc_00000000000000000000000000000001 (0.00s)
    --- PASS: TestNET05NetworkRoutesRejectInvalidTenantContextBeforeRPC/invalid/DELETE/networks/vpcs/vpc_00000000000000000000000000000001 (0.00s)
    --- PASS: TestNET05NetworkRoutesRejectInvalidTenantContextBeforeRPC/invalid/POST/networks/subnets (0.00s)
    --- PASS: TestNET05NetworkRoutesRejectInvalidTenantContextBeforeRPC/invalid/GET/networks/subnets (0.00s)
    --- PASS: TestNET05NetworkRoutesRejectInvalidTenantContextBeforeRPC/invalid/GET/networks/subnets/subnet_00000000000000000000000000000001 (0.00s)
    --- PASS: TestNET05NetworkRoutesRejectInvalidTenantContextBeforeRPC/invalid/DELETE/networks/subnets/subnet_00000000000000000000000000000001 (0.00s)
    --- PASS: TestNET05NetworkRoutesRejectInvalidTenantContextBeforeRPC/invalid/GET/networks/operations/00000000-0000-4000-8000-000000000001 (0.00s)
    --- PASS: TestNET05NetworkRoutesRejectInvalidTenantContextBeforeRPC/zero/POST/networks/vpcs (0.00s)
    --- PASS: TestNET05NetworkRoutesRejectInvalidTenantContextBeforeRPC/zero/GET/networks/vpcs (0.00s)
    --- PASS: TestNET05NetworkRoutesRejectInvalidTenantContextBeforeRPC/zero/GET/networks/vpcs/vpc_00000000000000000000000000000001 (0.00s)
    --- PASS: TestNET05NetworkRoutesRejectInvalidTenantContextBeforeRPC/zero/DELETE/networks/vpcs/vpc_00000000000000000000000000000001 (0.00s)
    --- PASS: TestNET05NetworkRoutesRejectInvalidTenantContextBeforeRPC/zero/POST/networks/subnets (0.00s)
    --- PASS: TestNET05NetworkRoutesRejectInvalidTenantContextBeforeRPC/zero/GET/networks/subnets (0.00s)
    --- PASS: TestNET05NetworkRoutesRejectInvalidTenantContextBeforeRPC/zero/GET/networks/subnets/subnet_00000000000000000000000000000001 (0.00s)
    --- PASS: TestNET05NetworkRoutesRejectInvalidTenantContextBeforeRPC/zero/DELETE/networks/subnets/subnet_00000000000000000000000000000001 (0.00s)
    --- PASS: TestNET05NetworkRoutesRejectInvalidTenantContextBeforeRPC/zero/GET/networks/operations/00000000-0000-4000-8000-000000000001 (0.00s)
    --- PASS: TestNET05NetworkRoutesRejectInvalidTenantContextBeforeRPC/missing-context/POST/networks/vpcs (0.00s)
    --- PASS: TestNET05NetworkRoutesRejectInvalidTenantContextBeforeRPC/missing-context/GET/networks/vpcs (0.00s)
    --- PASS: TestNET05NetworkRoutesRejectInvalidTenantContextBeforeRPC/missing-context/GET/networks/vpcs/vpc_00000000000000000000000000000001 (0.00s)
    --- PASS: TestNET05NetworkRoutesRejectInvalidTenantContextBeforeRPC/missing-context/DELETE/networks/vpcs/vpc_00000000000000000000000000000001 (0.00s)
    --- PASS: TestNET05NetworkRoutesRejectInvalidTenantContextBeforeRPC/missing-context/POST/networks/subnets (0.00s)
    --- PASS: TestNET05NetworkRoutesRejectInvalidTenantContextBeforeRPC/missing-context/GET/networks/subnets (0.00s)
    --- PASS: TestNET05NetworkRoutesRejectInvalidTenantContextBeforeRPC/missing-context/GET/networks/subnets/subnet_00000000000000000000000000000001 (0.00s)
    --- PASS: TestNET05NetworkRoutesRejectInvalidTenantContextBeforeRPC/missing-context/DELETE/networks/subnets/subnet_00000000000000000000000000000001 (0.00s)
    --- PASS: TestNET05NetworkRoutesRejectInvalidTenantContextBeforeRPC/missing-context/GET/networks/operations/00000000-0000-4000-8000-000000000001 (0.00s)
    --- PASS: TestNET05NetworkRoutesRejectInvalidTenantContextBeforeRPC/inconsistent/POST/networks/vpcs (0.00s)
    --- PASS: TestNET05NetworkRoutesRejectInvalidTenantContextBeforeRPC/inconsistent/GET/networks/vpcs (0.00s)
    --- PASS: TestNET05NetworkRoutesRejectInvalidTenantContextBeforeRPC/inconsistent/GET/networks/vpcs/vpc_00000000000000000000000000000001 (0.00s)
    --- PASS: TestNET05NetworkRoutesRejectInvalidTenantContextBeforeRPC/inconsistent/DELETE/networks/vpcs/vpc_00000000000000000000000000000001 (0.00s)
    --- PASS: TestNET05NetworkRoutesRejectInvalidTenantContextBeforeRPC/inconsistent/POST/networks/subnets (0.00s)
    --- PASS: TestNET05NetworkRoutesRejectInvalidTenantContextBeforeRPC/inconsistent/GET/networks/subnets (0.00s)
    --- PASS: TestNET05NetworkRoutesRejectInvalidTenantContextBeforeRPC/inconsistent/GET/networks/subnets/subnet_00000000000000000000000000000001 (0.00s)
    --- PASS: TestNET05NetworkRoutesRejectInvalidTenantContextBeforeRPC/inconsistent/DELETE/networks/subnets/subnet_00000000000000000000000000000001 (0.00s)
    --- PASS: TestNET05NetworkRoutesRejectInvalidTenantContextBeforeRPC/inconsistent/GET/networks/operations/00000000-0000-4000-8000-000000000001 (0.00s)
PASS
ok  	github.com/kubercloud/ani/services/ani-gateway/internal/router	0.088s
