=== RUN   TestNET05ExplicitAPIHostUsesConfiguredTokenFile
--- PASS: TestNET05ExplicitAPIHostUsesConfiguredTokenFile (0.00s)
=== RUN   TestNET05OwnerAcceptsAPIOmissionOfEmptyVolumeLists
--- PASS: TestNET05OwnerAcceptsAPIOmissionOfEmptyVolumeLists (0.00s)
=== RUN   TestNET05OwnerObservesTypedListItemsWithoutTypeMeta
--- PASS: TestNET05OwnerObservesTypedListItemsWithoutTypeMeta (0.00s)
PASS
ok  	github.com/kubercloud/ani/pkg/adapters/runtime	0.027s
=== RUN   TestNET05PublicContainerReachesOwnerAcceptance
--- PASS: TestNET05PublicContainerReachesOwnerAcceptance (0.00s)
=== RUN   TestNET05LegacyNetworkDefaultsRemainOutsideExplicitContainer
--- PASS: TestNET05LegacyNetworkDefaultsRemainOutsideExplicitContainer (0.00s)
=== RUN   TestNetworkLifecycleExplicitInstanceRejectsInvalidScopeBeforeWrites
=== RUN   TestNetworkLifecycleExplicitInstanceRejectsInvalidScopeBeforeWrites/missing-tenant
2026/09/10 16:29:02.443429 engine.go:668: [Debug] HERTZ: Method=POST   absolutePath=/api/v1/instances         --> handlerName=github.com/kubercloud/ani/services/ani-gateway/internal/router.(*instanceAPI).create-fm (num=2 handlers)
=== RUN   TestNetworkLifecycleExplicitInstanceRejectsInvalidScopeBeforeWrites/invalid-tenant
2026/09/10 16:29:02.494142 engine.go:668: [Debug] HERTZ: Method=POST   absolutePath=/api/v1/instances         --> handlerName=github.com/kubercloud/ani/services/ani-gateway/internal/router.(*instanceAPI).create-fm (num=2 handlers)
=== RUN   TestNetworkLifecycleExplicitInstanceRejectsInvalidScopeBeforeWrites/zero-tenant
2026/09/10 16:29:02.494252 engine.go:668: [Debug] HERTZ: Method=POST   absolutePath=/api/v1/instances         --> handlerName=github.com/kubercloud/ani/services/ani-gateway/internal/router.(*instanceAPI).create-fm (num=2 handlers)
=== RUN   TestNetworkLifecycleExplicitInstanceRejectsInvalidScopeBeforeWrites/missing-context
2026/09/10 16:29:02.494339 engine.go:668: [Debug] HERTZ: Method=POST   absolutePath=/api/v1/instances         --> handlerName=github.com/kubercloud/ani/services/ani-gateway/internal/router.(*instanceAPI).create-fm (num=2 handlers)
=== RUN   TestNetworkLifecycleExplicitInstanceRejectsInvalidScopeBeforeWrites/mismatched-tenant
2026/09/10 16:29:02.494398 engine.go:668: [Debug] HERTZ: Method=POST   absolutePath=/api/v1/instances         --> handlerName=github.com/kubercloud/ani/services/ani-gateway/internal/router.(*instanceAPI).create-fm (num=2 handlers)
=== RUN   TestNetworkLifecycleExplicitInstanceRejectsInvalidScopeBeforeWrites/missing-user
2026/09/10 16:29:02.494477 engine.go:668: [Debug] HERTZ: Method=POST   absolutePath=/api/v1/instances         --> handlerName=github.com/kubercloud/ani/services/ani-gateway/internal/router.(*instanceAPI).create-fm (num=2 handlers)
=== RUN   TestNetworkLifecycleExplicitInstanceRejectsInvalidScopeBeforeWrites/invalid-user
2026/09/10 16:29:02.494544 engine.go:668: [Debug] HERTZ: Method=POST   absolutePath=/api/v1/instances         --> handlerName=github.com/kubercloud/ani/services/ani-gateway/internal/router.(*instanceAPI).create-fm (num=2 handlers)
=== RUN   TestNetworkLifecycleExplicitInstanceRejectsInvalidScopeBeforeWrites/zero-user
2026/09/10 16:29:02.494602 engine.go:668: [Debug] HERTZ: Method=POST   absolutePath=/api/v1/instances         --> handlerName=github.com/kubercloud/ani/services/ani-gateway/internal/router.(*instanceAPI).create-fm (num=2 handlers)
=== RUN   TestNetworkLifecycleExplicitInstanceRejectsInvalidScopeBeforeWrites/mismatched-user
2026/09/10 16:29:02.494670 engine.go:668: [Debug] HERTZ: Method=POST   absolutePath=/api/v1/instances         --> handlerName=github.com/kubercloud/ani/services/ani-gateway/internal/router.(*instanceAPI).create-fm (num=2 handlers)
=== RUN   TestNetworkLifecycleExplicitInstanceRejectsInvalidScopeBeforeWrites/body-tenant
2026/09/10 16:29:02.494737 engine.go:668: [Debug] HERTZ: Method=POST   absolutePath=/api/v1/instances         --> handlerName=github.com/kubercloud/ani/services/ani-gateway/internal/router.(*instanceAPI).create-fm (num=2 handlers)
=== RUN   TestNetworkLifecycleExplicitInstanceRejectsInvalidScopeBeforeWrites/valid
2026/09/10 16:29:02.494846 engine.go:668: [Debug] HERTZ: Method=POST   absolutePath=/api/v1/instances         --> handlerName=github.com/kubercloud/ani/services/ani-gateway/internal/router.(*instanceAPI).create-fm (num=2 handlers)
--- PASS: TestNetworkLifecycleExplicitInstanceRejectsInvalidScopeBeforeWrites (0.05s)
    --- PASS: TestNetworkLifecycleExplicitInstanceRejectsInvalidScopeBeforeWrites/missing-tenant (0.05s)
    --- PASS: TestNetworkLifecycleExplicitInstanceRejectsInvalidScopeBeforeWrites/invalid-tenant (0.00s)
    --- PASS: TestNetworkLifecycleExplicitInstanceRejectsInvalidScopeBeforeWrites/zero-tenant (0.00s)
    --- PASS: TestNetworkLifecycleExplicitInstanceRejectsInvalidScopeBeforeWrites/missing-context (0.00s)
    --- PASS: TestNetworkLifecycleExplicitInstanceRejectsInvalidScopeBeforeWrites/mismatched-tenant (0.00s)
    --- PASS: TestNetworkLifecycleExplicitInstanceRejectsInvalidScopeBeforeWrites/missing-user (0.00s)
    --- PASS: TestNetworkLifecycleExplicitInstanceRejectsInvalidScopeBeforeWrites/invalid-user (0.00s)
    --- PASS: TestNetworkLifecycleExplicitInstanceRejectsInvalidScopeBeforeWrites/zero-user (0.00s)
    --- PASS: TestNetworkLifecycleExplicitInstanceRejectsInvalidScopeBeforeWrites/mismatched-user (0.00s)
    --- PASS: TestNetworkLifecycleExplicitInstanceRejectsInvalidScopeBeforeWrites/body-tenant (0.00s)
    --- PASS: TestNetworkLifecycleExplicitInstanceRejectsInvalidScopeBeforeWrites/valid (0.00s)
=== RUN   TestNET05NetworkRoutesRejectInvalidTenantContextBeforeRPC
=== RUN   TestNET05NetworkRoutesRejectInvalidTenantContextBeforeRPC/missing/POST/networks/vpcs
2026/09/10 16:29:02.495221 engine.go:668: [Debug] HERTZ: Method=POST   absolutePath=/api/v1/networks/vpcs     --> handlerName=github.com/kubercloud/ani/services/ani-gateway/internal/router.(*networkLifecycleAPI).createVPC-fm (num=2 handlers)
2026/09/10 16:29:02.495236 engine.go:668: [Debug] HERTZ: Method=GET    absolutePath=/api/v1/networks/vpcs     --> handlerName=github.com/kubercloud/ani/services/ani-gateway/internal/router.(*networkLifecycleAPI).listVPCs-fm (num=2 handlers)
2026/09/10 16:29:02.495242 engine.go:668: [Debug] HERTZ: Method=GET    absolutePath=/api/v1/networks/vpcs/:vpc_id --> handlerName=github.com/kubercloud/ani/services/ani-gateway/internal/router.(*networkLifecycleAPI).getVPC-fm (num=2 handlers)
2026/09/10 16:29:02.495248 engine.go:668: [Debug] HERTZ: Method=DELETE absolutePath=/api/v1/networks/vpcs/:vpc_id --> handlerName=github.com/kubercloud/ani/services/ani-gateway/internal/router.(*networkLifecycleAPI).deleteVPC-fm (num=2 handlers)
2026/09/10 16:29:02.495257 engine.go:668: [Debug] HERTZ: Method=POST   absolutePath=/api/v1/networks/subnets  --> handlerName=github.com/kubercloud/ani/services/ani-gateway/internal/router.(*networkLifecycleAPI).createSubnet-fm (num=2 handlers)
2026/09/10 16:29:02.495289 engine.go:668: [Debug] HERTZ: Method=GET    absolutePath=/api/v1/networks/subnets  --> handlerName=github.com/kubercloud/ani/services/ani-gateway/internal/router.(*networkLifecycleAPI).listSubnets-fm (num=2 handlers)
2026/09/10 16:29:02.495299 engine.go:668: [Debug] HERTZ: Method=GET    absolutePath=/api/v1/networks/subnets/:subnet_id --> handlerName=github.com/kubercloud/ani/services/ani-gateway/internal/router.(*networkLifecycleAPI).getSubnet-fm (num=2 handlers)
2026/09/10 16:29:02.495311 engine.go:668: [Debug] HERTZ: Method=DELETE absolutePath=/api/v1/networks/subnets/:subnet_id --> handlerName=github.com/kubercloud/ani/services/ani-gateway/internal/router.(*networkLifecycleAPI).deleteSubnet-fm (num=2 handlers)
2026/09/10 16:29:02.495319 engine.go:668: [Debug] HERTZ: Method=GET    absolutePath=/api/v1/networks/operations/:operation_id --> handlerName=github.com/kubercloud/ani/services/ani-gateway/internal/router.(*networkLifecycleAPI).getOperation-fm (num=2 handlers)
=== RUN   TestNET05NetworkRoutesRejectInvalidTenantContextBeforeRPC/missing/GET/networks/vpcs
2026/09/10 16:29:02.495443 engine.go:668: [Debug] HERTZ: Method=POST   absolutePath=/api/v1/networks/vpcs     --> handlerName=github.com/kubercloud/ani/services/ani-gateway/internal/router.(*networkLifecycleAPI).createVPC-fm (num=2 handlers)
2026/09/10 16:29:02.495458 engine.go:668: [Debug] HERTZ: Method=GET    absolutePath=/api/v1/networks/vpcs     --> handlerName=github.com/kubercloud/ani/services/ani-gateway/internal/router.(*networkLifecycleAPI).listVPCs-fm (num=2 handlers)
2026/09/10 16:29:02.495464 engine.go:668: [Debug] HERTZ: Method=GET    absolutePath=/api/v1/networks/vpcs/:vpc_id --> handlerName=github.com/kubercloud/ani/services/ani-gateway/internal/router.(*networkLifecycleAPI).getVPC-fm (num=2 handlers)
2026/09/10 16:29:02.495473 engine.go:668: [Debug] HERTZ: Method=DELETE absolutePath=/api/v1/networks/vpcs/:vpc_id --> handlerName=github.com/kubercloud/ani/services/ani-gateway/internal/router.(*networkLifecycleAPI).deleteVPC-fm (num=2 handlers)
2026/09/10 16:29:02.495480 engine.go:668: [Debug] HERTZ: Method=POST   absolutePath=/api/v1/networks/subnets  --> handlerName=github.com/kubercloud/ani/services/ani-gateway/internal/router.(*networkLifecycleAPI).createSubnet-fm (num=2 handlers)
2026/09/10 16:29:02.495488 engine.go:668: [Debug] HERTZ: Method=GET    absolutePath=/api/v1/networks/subnets  --> handlerName=github.com/kubercloud/ani/services/ani-gateway/internal/router.(*networkLifecycleAPI).listSubnets-fm (num=2 handlers)
2026/09/10 16:29:02.495493 engine.go:668: [Debug] HERTZ: Method=GET    absolutePath=/api/v1/networks/subnets/:subnet_id --> handlerName=github.com/kubercloud/ani/services/ani-gateway/internal/router.(*networkLifecycleAPI).getSubnet-fm (num=2 handlers)
2026/09/10 16:29:02.495499 engine.go:668: [Debug] HERTZ: Method=DELETE absolutePath=/api/v1/networks/subnets/:subnet_id --> handlerName=github.com/kubercloud/ani/services/ani-gateway/internal/router.(*networkLifecycleAPI).deleteSubnet-fm (num=2 handlers)
2026/09/10 16:29:02.495507 engine.go:668: [Debug] HERTZ: Method=GET    absolutePath=/api/v1/networks/operations/:operation_id --> handlerName=github.com/kubercloud/ani/services/ani-gateway/internal/router.(*networkLifecycleAPI).getOperation-fm (num=2 handlers)
=== RUN   TestNET05NetworkRoutesRejectInvalidTenantContextBeforeRPC/missing/GET/networks/vpcs/vpc_00000000000000000000000000000001
2026/09/10 16:29:02.495613 engine.go:668: [Debug] HERTZ: Method=POST   absolutePath=/api/v1/networks/vpcs     --> handlerName=github.com/kubercloud/ani/services/ani-gateway/internal/router.(*networkLifecycleAPI).createVPC-fm (num=2 handlers)
2026/09/10 16:29:02.495627 engine.go:668: [Debug] HERTZ: Method=GET    absolutePath=/api/v1/networks/vpcs     --> handlerName=github.com/kubercloud/ani/services/ani-gateway/internal/router.(*networkLifecycleAPI).listVPCs-fm (num=2 handlers)
2026/09/10 16:29:02.495632 engine.go:668: [Debug] HERTZ: Method=GET    absolutePath=/api/v1/networks/vpcs/:vpc_id --> handlerName=github.com/kubercloud/ani/services/ani-gateway/internal/router.(*networkLifecycleAPI).getVPC-fm (num=2 handlers)
2026/09/10 16:29:02.495639 engine.go:668: [Debug] HERTZ: Method=DELETE absolutePath=/api/v1/networks/vpcs/:vpc_id --> handlerName=github.com/kubercloud/ani/services/ani-gateway/internal/router.(*networkLifecycleAPI).deleteVPC-fm (num=2 handlers)
2026/09/10 16:29:02.495652 engine.go:668: [Debug] HERTZ: Method=POST   absolutePath=/api/v1/networks/subnets  --> handlerName=github.com/kubercloud/ani/services/ani-gateway/internal/router.(*networkLifecycleAPI).createSubnet-fm (num=2 handlers)
2026/09/10 16:29:02.495667 engine.go:668: [Debug] HERTZ: Method=GET    absolutePath=/api/v1/networks/subnets  --> handlerName=github.com/kubercloud/ani/services/ani-gateway/internal/router.(*networkLifecycleAPI).listSubnets-fm (num=2 handlers)
2026/09/10 16:29:02.495681 engine.go:668: [Debug] HERTZ: Method=GET    absolutePath=/api/v1/networks/subnets/:subnet_id --> handlerName=github.com/kubercloud/ani/services/ani-gateway/internal/router.(*networkLifecycleAPI).getSubnet-fm (num=2 handlers)
2026/09/10 16:29:02.495693 engine.go:668: [Debug] HERTZ: Method=DELETE absolutePath=/api/v1/networks/subnets/:subnet_id --> handlerName=github.com/kubercloud/ani/services/ani-gateway/internal/router.(*networkLifecycleAPI).deleteSubnet-fm (num=2 handlers)
2026/09/10 16:29:02.495703 engine.go:668: [Debug] HERTZ: Method=GET    absolutePath=/api/v1/networks/operations/:operation_id --> handlerName=github.com/kubercloud/ani/services/ani-gateway/internal/router.(*networkLifecycleAPI).getOperation-fm (num=2 handlers)
=== RUN   TestNET05NetworkRoutesRejectInvalidTenantContextBeforeRPC/missing/DELETE/networks/vpcs/vpc_00000000000000000000000000000001
2026/09/10 16:29:02.495800 engine.go:668: [Debug] HERTZ: Method=POST   absolutePath=/api/v1/networks/vpcs     --> handlerName=github.com/kubercloud/ani/services/ani-gateway/internal/router.(*networkLifecycleAPI).createVPC-fm (num=2 handlers)
2026/09/10 16:29:02.495834 engine.go:668: [Debug] HERTZ: Method=GET    absolutePath=/api/v1/networks/vpcs     --> handlerName=github.com/kubercloud/ani/services/ani-gateway/internal/router.(*networkLifecycleAPI).listVPCs-fm (num=2 handlers)
2026/09/10 16:29:02.495843 engine.go:668: [Debug] HERTZ: Method=GET    absolutePath=/api/v1/networks/vpcs/:vpc_id --> handlerName=github.com/kubercloud/ani/services/ani-gateway/internal/router.(*networkLifecycleAPI).getVPC-fm (num=2 handlers)
2026/09/10 16:29:02.495847 engine.go:668: [Debug] HERTZ: Method=DELETE absolutePath=/api/v1/networks/vpcs/:vpc_id --> handlerName=github.com/kubercloud/ani/services/ani-gateway/internal/router.(*networkLifecycleAPI).deleteVPC-fm (num=2 handlers)
2026/09/10 16:29:02.495852 engine.go:668: [Debug] HERTZ: Method=POST   absolutePath=/api/v1/networks/subnets  --> handlerName=github.com/kubercloud/ani/services/ani-gateway/internal/router.(*networkLifecycleAPI).createSubnet-fm (num=2 handlers)
2026/09/10 16:29:02.495859 engine.go:668: [Debug] HERTZ: Method=GET    absolutePath=/api/v1/networks/subnets  --> handlerName=github.com/kubercloud/ani/services/ani-gateway/internal/router.(*networkLifecycleAPI).listSubnets-fm (num=2 handlers)
2026/09/10 16:29:02.495864 engine.go:668: [Debug] HERTZ: Method=GET    absolutePath=/api/v1/networks/subnets/:subnet_id --> handlerName=github.com/kubercloud/ani/services/ani-gateway/internal/router.(*networkLifecycleAPI).getSubnet-fm (num=2 handlers)
2026/09/10 16:29:02.495868 engine.go:668: [Debug] HERTZ: Method=DELETE absolutePath=/api/v1/networks/subnets/:subnet_id --> handlerName=github.com/kubercloud/ani/services/ani-gateway/internal/router.(*networkLifecycleAPI).deleteSubnet-fm (num=2 handlers)
2026/09/10 16:29:02.495883 engine.go:668: [Debug] HERTZ: Method=GET    absolutePath=/api/v1/networks/operations/:operation_id --> handlerName=github.com/kubercloud/ani/services/ani-gateway/internal/router.(*networkLifecycleAPI).getOperation-fm (num=2 handlers)
=== RUN   TestNET05NetworkRoutesRejectInvalidTenantContextBeforeRPC/missing/POST/networks/subnets
2026/09/10 16:29:02.495962 engine.go:668: [Debug] HERTZ: Method=POST   absolutePath=/api/v1/networks/vpcs     --> handlerName=github.com/kubercloud/ani/services/ani-gateway/internal/router.(*networkLifecycleAPI).createVPC-fm (num=2 handlers)
2026/09/10 16:29:02.495972 engine.go:668: [Debug] HERTZ: Method=GET    absolutePath=/api/v1/networks/vpcs     --> handlerName=github.com/kubercloud/ani/services/ani-gateway/internal/router.(*networkLifecycleAPI).listVPCs-fm (num=2 handlers)
2026/09/10 16:29:02.495977 engine.go:668: [Debug] HERTZ: Method=GET    absolutePath=/api/v1/networks/vpcs/:vpc_id --> handlerName=github.com/kubercloud/ani/services/ani-gateway/internal/router.(*networkLifecycleAPI).getVPC-fm (num=2 handlers)
2026/09/10 16:29:02.495981 engine.go:668: [Debug] HERTZ: Method=DELETE absolutePath=/api/v1/networks/vpcs/:vpc_id --> handlerName=github.com/kubercloud/ani/services/ani-gateway/internal/router.(*networkLifecycleAPI).deleteVPC-fm (num=2 handlers)
2026/09/10 16:29:02.495989 engine.go:668: [Debug] HERTZ: Method=POST   absolutePath=/api/v1/networks/subnets  --> handlerName=github.com/kubercloud/ani/services/ani-gateway/internal/router.(*networkLifecycleAPI).createSubnet-fm (num=2 handlers)
2026/09/10 16:29:02.495994 engine.go:668: [Debug] HERTZ: Method=GET    absolutePath=/api/v1/networks/subnets  --> handlerName=github.com/kubercloud/ani/services/ani-gateway/internal/router.(*networkLifecycleAPI).listSubnets-fm (num=2 handlers)
2026/09/10 16:29:02.496013 engine.go:668: [Debug] HERTZ: Method=GET    absolutePath=/api/v1/networks/subnets/:subnet_id --> handlerName=github.com/kubercloud/ani/services/ani-gateway/internal/router.(*networkLifecycleAPI).getSubnet-fm (num=2 handlers)
2026/09/10 16:29:02.496021 engine.go:668: [Debug] HERTZ: Method=DELETE absolutePath=/api/v1/networks/subnets/:subnet_id --> handlerName=github.com/kubercloud/ani/services/ani-gateway/internal/router.(*networkLifecycleAPI).deleteSubnet-fm (num=2 handlers)
2026/09/10 16:29:02.496026 engine.go:668: [Debug] HERTZ: Method=GET    absolutePath=/api/v1/networks/operations/:operation_id --> handlerName=github.com/kubercloud/ani/services/ani-gateway/internal/router.(*networkLifecycleAPI).getOperation-fm (num=2 handlers)
=== RUN   TestNET05NetworkRoutesRejectInvalidTenantContextBeforeRPC/missing/GET/networks/subnets
2026/09/10 16:29:02.496121 engine.go:668: [Debug] HERTZ: Method=POST   absolutePath=/api/v1/networks/vpcs     --> handlerName=github.com/kubercloud/ani/services/ani-gateway/internal/router.(*networkLifecycleAPI).createVPC-fm (num=2 handlers)
2026/09/10 16:29:02.496130 engine.go:668: [Debug] HERTZ: Method=GET    absolutePath=/api/v1/networks/vpcs     --> handlerName=github.com/kubercloud/ani/services/ani-gateway/internal/router.(*networkLifecycleAPI).listVPCs-fm (num=2 handlers)
2026/09/10 16:29:02.496135 engine.go:668: [Debug] HERTZ: Method=GET    absolutePath=/api/v1/networks/vpcs/:vpc_id --> handlerName=github.com/kubercloud/ani/services/ani-gateway/internal/router.(*networkLifecycleAPI).getVPC-fm (num=2 handlers)
2026/09/10 16:29:02.496143 engine.go:668: [Debug] HERTZ: Method=DELETE absolutePath=/api/v1/networks/vpcs/:vpc_id --> handlerName=github.com/kubercloud/ani/services/ani-gateway/internal/router.(*networkLifecycleAPI).deleteVPC-fm (num=2 handlers)
2026/09/10 16:29:02.496148 engine.go:668: [Debug] HERTZ: Method=POST   absolutePath=/api/v1/networks/subnets  --> handlerName=github.com/kubercloud/ani/services/ani-gateway/internal/router.(*networkLifecycleAPI).createSubnet-fm (num=2 handlers)
2026/09/10 16:29:02.496155 engine.go:668: [Debug] HERTZ: Method=GET    absolutePath=/api/v1/networks/subnets  --> handlerName=github.com/kubercloud/ani/services/ani-gateway/internal/router.(*networkLifecycleAPI).listSubnets-fm (num=2 handlers)
2026/09/10 16:29:02.496159 engine.go:668: [Debug] HERTZ: Method=GET    absolutePath=/api/v1/networks/subnets/:subnet_id --> handlerName=github.com/kubercloud/ani/services/ani-gateway/internal/router.(*networkLifecycleAPI).getSubnet-fm (num=2 handlers)
2026/09/10 16:29:02.496170 engine.go:668: [Debug] HERTZ: Method=DELETE absolutePath=/api/v1/networks/subnets/:subnet_id --> handlerName=github.com/kubercloud/ani/services/ani-gateway/internal/router.(*networkLifecycleAPI).deleteSubnet-fm (num=2 handlers)
2026/09/10 16:29:02.496177 engine.go:668: [Debug] HERTZ: Method=GET    absolutePath=/api/v1/networks/operations/:operation_id --> handlerName=github.com/kubercloud/ani/services/ani-gateway/internal/router.(*networkLifecycleAPI).getOperation-fm (num=2 handlers)
=== RUN   TestNET05NetworkRoutesRejectInvalidTenantContextBeforeRPC/missing/GET/networks/subnets/subnet_00000000000000000000000000000001
2026/09/10 16:29:02.496261 engine.go:668: [Debug] HERTZ: Method=POST   absolutePath=/api/v1/networks/vpcs     --> handlerName=github.com/kubercloud/ani/services/ani-gateway/internal/router.(*networkLifecycleAPI).createVPC-fm (num=2 handlers)
2026/09/10 16:29:02.496270 engine.go:668: [Debug] HERTZ: Method=GET    absolutePath=/api/v1/networks/vpcs     --> handlerName=github.com/kubercloud/ani/services/ani-gateway/internal/router.(*networkLifecycleAPI).listVPCs-fm (num=2 handlers)
2026/09/10 16:29:02.496275 engine.go:668: [Debug] HERTZ: Method=GET    absolutePath=/api/v1/networks/vpcs/:vpc_id --> handlerName=github.com/kubercloud/ani/services/ani-gateway/internal/router.(*networkLifecycleAPI).getVPC-fm (num=2 handlers)
2026/09/10 16:29:02.496280 engine.go:668: [Debug] HERTZ: Method=DELETE absolutePath=/api/v1/networks/vpcs/:vpc_id --> handlerName=github.com/kubercloud/ani/services/ani-gateway/internal/router.(*networkLifecycleAPI).deleteVPC-fm (num=2 handlers)
2026/09/10 16:29:02.496283 engine.go:668: [Debug] HERTZ: Method=POST   absolutePath=/api/v1/networks/subnets  --> handlerName=github.com/kubercloud/ani/services/ani-gateway/internal/router.(*networkLifecycleAPI).createSubnet-fm (num=2 handlers)
2026/09/10 16:29:02.496287 engine.go:668: [Debug] HERTZ: Method=GET    absolutePath=/api/v1/networks/subnets  --> handlerName=github.com/kubercloud/ani/services/ani-gateway/internal/router.(*networkLifecycleAPI).listSubnets-fm (num=2 handlers)
2026/09/10 16:29:02.496291 engine.go:668: [Debug] HERTZ: Method=GET    absolutePath=/api/v1/networks/subnets/:subnet_id --> handlerName=github.com/kubercloud/ani/services/ani-gateway/internal/router.(*networkLifecycleAPI).getSubnet-fm (num=2 handlers)
2026/09/10 16:29:02.496295 engine.go:668: [Debug] HERTZ: Method=DELETE absolutePath=/api/v1/networks/subnets/:subnet_id --> handlerName=github.com/kubercloud/ani/services/ani-gateway/internal/router.(*networkLifecycleAPI).deleteSubnet-fm (num=2 handlers)
2026/09/10 16:29:02.496299 engine.go:668: [Debug] HERTZ: Method=GET    absolutePath=/api/v1/networks/operations/:operation_id --> handlerName=github.com/kubercloud/ani/services/ani-gateway/internal/router.(*networkLifecycleAPI).getOperation-fm (num=2 handlers)
=== RUN   TestNET05NetworkRoutesRejectInvalidTenantContextBeforeRPC/missing/DELETE/networks/subnets/subnet_00000000000000000000000000000001
2026/09/10 16:29:02.496384 engine.go:668: [Debug] HERTZ: Method=POST   absolutePath=/api/v1/networks/vpcs     --> handlerName=github.com/kubercloud/ani/services/ani-gateway/internal/router.(*networkLifecycleAPI).createVPC-fm (num=2 handlers)
2026/09/10 16:29:02.496399 engine.go:668: [Debug] HERTZ: Method=GET    absolutePath=/api/v1/networks/vpcs     --> handlerName=github.com/kubercloud/ani/services/ani-gateway/internal/router.(*networkLifecycleAPI).listVPCs-fm (num=2 handlers)
2026/09/10 16:29:02.496403 engine.go:668: [Debug] HERTZ: Method=GET    absolutePath=/api/v1/networks/vpcs/:vpc_id --> handlerName=github.com/kubercloud/ani/services/ani-gateway/internal/router.(*networkLifecycleAPI).getVPC-fm (num=2 handlers)
2026/09/10 16:29:02.496408 engine.go:668: [Debug] HERTZ: Method=DELETE absolutePath=/api/v1/networks/vpcs/:vpc_id --> handlerName=github.com/kubercloud/ani/services/ani-gateway/internal/router.(*networkLifecycleAPI).deleteVPC-fm (num=2 handlers)
2026/09/10 16:29:02.496416 engine.go:668: [Debug] HERTZ: Method=POST   absolutePath=/api/v1/networks/subnets  --> handlerName=github.com/kubercloud/ani/services/ani-gateway/internal/router.(*networkLifecycleAPI).createSubnet-fm (num=2 handlers)
2026/09/10 16:29:02.496420 engine.go:668: [Debug] HERTZ: Method=GET    absolutePath=/api/v1/networks/subnets  --> handlerName=github.com/kubercloud/ani/services/ani-gateway/internal/router.(*networkLifecycleAPI).listSubnets-fm (num=2 handlers)
2026/09/10 16:29:02.496431 engine.go:668: [Debug] HERTZ: Method=GET    absolutePath=/api/v1/networks/subnets/:subnet_id --> handlerName=github.com/kubercloud/ani/services/ani-gateway/internal/router.(*networkLifecycleAPI).getSubnet-fm (num=2 handlers)
2026/09/10 16:29:02.496444 engine.go:668: [Debug] HERTZ: Method=DELETE absolutePath=/api/v1/networks/subnets/:subnet_id --> handlerName=github.com/kubercloud/ani/services/ani-gateway/internal/router.(*networkLifecycleAPI).deleteSubnet-fm (num=2 handlers)
2026/09/10 16:29:02.496451 engine.go:668: [Debug] HERTZ: Method=GET    absolutePath=/api/v1/networks/operations/:operation_id --> handlerName=github.com/kubercloud/ani/services/ani-gateway/internal/router.(*networkLifecycleAPI).getOperation-fm (num=2 handlers)
=== RUN   TestNET05NetworkRoutesRejectInvalidTenantContextBeforeRPC/missing/GET/networks/operations/00000000-0000-4000-8000-000000000001
2026/09/10 16:29:02.496519 engine.go:668: [Debug] HERTZ: Method=POST   absolutePath=/api/v1/networks/vpcs     --> handlerName=github.com/kubercloud/ani/services/ani-gateway/internal/router.(*networkLifecycleAPI).createVPC-fm (num=2 handlers)
2026/09/10 16:29:02.496528 engine.go:668: [Debug] HERTZ: Method=GET    absolutePath=/api/v1/networks/vpcs     --> handlerName=github.com/kubercloud/ani/services/ani-gateway/internal/router.(*networkLifecycleAPI).listVPCs-fm (num=2 handlers)
2026/09/10 16:29:02.496533 engine.go:668: [Debug] HERTZ: Method=GET    absolutePath=/api/v1/networks/vpcs/:vpc_id --> handlerName=github.com/kubercloud/ani/services/ani-gateway/internal/router.(*networkLifecycleAPI).getVPC-fm (num=2 handlers)
2026/09/10 16:29:02.496542 engine.go:668: [Debug] HERTZ: Method=DELETE absolutePath=/api/v1/networks/vpcs/:vpc_id --> handlerName=github.com/kubercloud/ani/services/ani-gateway/internal/router.(*networkLifecycleAPI).deleteVPC-fm (num=2 handlers)
2026/09/10 16:29:02.496550 engine.go:668: [Debug] HERTZ: Method=POST   absolutePath=/api/v1/networks/subnets  --> handlerName=github.com/kubercloud/ani/services/ani-gateway/internal/router.(*networkLifecycleAPI).createSubnet-fm (num=2 handlers)
2026/09/10 16:29:02.496555 engine.go:668: [Debug] HERTZ: Method=GET    absolutePath=/api/v1/networks/subnets  --> handlerName=github.com/kubercloud/ani/services/ani-gateway/internal/router.(*networkLifecycleAPI).listSubnets-fm (num=2 handlers)
2026/09/10 16:29:02.496560 engine.go:668: [Debug] HERTZ: Method=GET    absolutePath=/api/v1/networks/subnets/:subnet_id --> handlerName=github.com/kubercloud/ani/services/ani-gateway/internal/router.(*networkLifecycleAPI).getSubnet-fm (num=2 handlers)
2026/09/10 16:29:02.496580 engine.go:668: [Debug] HERTZ: Method=DELETE absolutePath=/api/v1/networks/subnets/:subnet_id --> handlerName=github.com/kubercloud/ani/services/ani-gateway/internal/router.(*networkLifecycleAPI).deleteSubnet-fm (num=2 handlers)
2026/09/10 16:29:02.496584 engine.go:668: [Debug] HERTZ: Method=GET    absolutePath=/api/v1/networks/operations/:operation_id --> handlerName=github.com/kubercloud/ani/services/ani-gateway/internal/router.(*networkLifecycleAPI).getOperation-fm (num=2 handlers)
=== RUN   TestNET05NetworkRoutesRejectInvalidTenantContextBeforeRPC/invalid/POST/networks/vpcs
2026/09/10 16:29:02.496669 engine.go:668: [Debug] HERTZ: Method=POST   absolutePath=/api/v1/networks/vpcs     --> handlerName=github.com/kubercloud/ani/services/ani-gateway/internal/router.(*networkLifecycleAPI).createVPC-fm (num=2 handlers)
2026/09/10 16:29:02.496677 engine.go:668: [Debug] HERTZ: Method=GET    absolutePath=/api/v1/networks/vpcs     --> handlerName=github.com/kubercloud/ani/services/ani-gateway/internal/router.(*networkLifecycleAPI).listVPCs-fm (num=2 handlers)
2026/09/10 16:29:02.496681 engine.go:668: [Debug] HERTZ: Method=GET    absolutePath=/api/v1/networks/vpcs/:vpc_id --> handlerName=github.com/kubercloud/ani/services/ani-gateway/internal/router.(*networkLifecycleAPI).getVPC-fm (num=2 handlers)
2026/09/10 16:29:02.496693 engine.go:668: [Debug] HERTZ: Method=DELETE absolutePath=/api/v1/networks/vpcs/:vpc_id --> handlerName=github.com/kubercloud/ani/services/ani-gateway/internal/router.(*networkLifecycleAPI).deleteVPC-fm (num=2 handlers)
2026/09/10 16:29:02.496701 engine.go:668: [Debug] HERTZ: Method=POST   absolutePath=/api/v1/networks/subnets  --> handlerName=github.com/kubercloud/ani/services/ani-gateway/internal/router.(*networkLifecycleAPI).createSubnet-fm (num=2 handlers)
2026/09/10 16:29:02.496705 engine.go:668: [Debug] HERTZ: Method=GET    absolutePath=/api/v1/networks/subnets  --> handlerName=github.com/kubercloud/ani/services/ani-gateway/internal/router.(*networkLifecycleAPI).listSubnets-fm (num=2 handlers)
2026/09/10 16:29:02.496709 engine.go:668: [Debug] HERTZ: Method=GET    absolutePath=/api/v1/networks/subnets/:subnet_id --> handlerName=github.com/kubercloud/ani/services/ani-gateway/internal/router.(*networkLifecycleAPI).getSubnet-fm (num=2 handlers)
2026/09/10 16:29:02.496734 engine.go:668: [Debug] HERTZ: Method=DELETE absolutePath=/api/v1/networks/subnets/:subnet_id --> handlerName=github.com/kubercloud/ani/services/ani-gateway/internal/router.(*networkLifecycleAPI).deleteSubnet-fm (num=2 handlers)
2026/09/10 16:29:02.496738 engine.go:668: [Debug] HERTZ: Method=GET    absolutePath=/api/v1/networks/operations/:operation_id --> handlerName=github.com/kubercloud/ani/services/ani-gateway/internal/router.(*networkLifecycleAPI).getOperation-fm (num=2 handlers)
=== RUN   TestNET05NetworkRoutesRejectInvalidTenantContextBeforeRPC/invalid/GET/networks/vpcs
2026/09/10 16:29:02.496822 engine.go:668: [Debug] HERTZ: Method=POST   absolutePath=/api/v1/networks/vpcs     --> handlerName=github.com/kubercloud/ani/services/ani-gateway/internal/router.(*networkLifecycleAPI).createVPC-fm (num=2 handlers)
2026/09/10 16:29:02.496832 engine.go:668: [Debug] HERTZ: Method=GET    absolutePath=/api/v1/networks/vpcs     --> handlerName=github.com/kubercloud/ani/services/ani-gateway/internal/router.(*networkLifecycleAPI).listVPCs-fm (num=2 handlers)
2026/09/10 16:29:02.496836 engine.go:668: [Debug] HERTZ: Method=GET    absolutePath=/api/v1/networks/vpcs/:vpc_id --> handlerName=github.com/kubercloud/ani/services/ani-gateway/internal/router.(*networkLifecycleAPI).getVPC-fm (num=2 handlers)
2026/09/10 16:29:02.496841 engine.go:668: [Debug] HERTZ: Method=DELETE absolutePath=/api/v1/networks/vpcs/:vpc_id --> handlerName=github.com/kubercloud/ani/services/ani-gateway/internal/router.(*networkLifecycleAPI).deleteVPC-fm (num=2 handlers)
2026/09/10 16:29:02.496857 engine.go:668: [Debug] HERTZ: Method=POST   absolutePath=/api/v1/networks/subnets  --> handlerName=github.com/kubercloud/ani/services/ani-gateway/internal/router.(*networkLifecycleAPI).createSubnet-fm (num=2 handlers)
2026/09/10 16:29:02.496861 engine.go:668: [Debug] HERTZ: Method=GET    absolutePath=/api/v1/networks/subnets  --> handlerName=github.com/kubercloud/ani/services/ani-gateway/internal/router.(*networkLifecycleAPI).listSubnets-fm (num=2 handlers)
2026/09/10 16:29:02.496865 engine.go:668: [Debug] HERTZ: Method=GET    absolutePath=/api/v1/networks/subnets/:subnet_id --> handlerName=github.com/kubercloud/ani/services/ani-gateway/internal/router.(*networkLifecycleAPI).getSubnet-fm (num=2 handlers)
2026/09/10 16:29:02.496872 engine.go:668: [Debug] HERTZ: Method=DELETE absolutePath=/api/v1/networks/subnets/:subnet_id --> handlerName=github.com/kubercloud/ani/services/ani-gateway/internal/router.(*networkLifecycleAPI).deleteSubnet-fm (num=2 handlers)
2026/09/10 16:29:02.496876 engine.go:668: [Debug] HERTZ: Method=GET    absolutePath=/api/v1/networks/operations/:operation_id --> handlerName=github.com/kubercloud/ani/services/ani-gateway/internal/router.(*networkLifecycleAPI).getOperation-fm (num=2 handlers)
=== RUN   TestNET05NetworkRoutesRejectInvalidTenantContextBeforeRPC/invalid/GET/networks/vpcs/vpc_00000000000000000000000000000001
2026/09/10 16:29:02.496937 engine.go:668: [Debug] HERTZ: Method=POST   absolutePath=/api/v1/networks/vpcs     --> handlerName=github.com/kubercloud/ani/services/ani-gateway/internal/router.(*networkLifecycleAPI).createVPC-fm (num=2 handlers)
2026/09/10 16:29:02.496946 engine.go:668: [Debug] HERTZ: Method=GET    absolutePath=/api/v1/networks/vpcs     --> handlerName=github.com/kubercloud/ani/services/ani-gateway/internal/router.(*networkLifecycleAPI).listVPCs-fm (num=2 handlers)
2026/09/10 16:29:02.496956 engine.go:668: [Debug] HERTZ: Method=GET    absolutePath=/api/v1/networks/vpcs/:vpc_id --> handlerName=github.com/kubercloud/ani/services/ani-gateway/internal/router.(*networkLifecycleAPI).getVPC-fm (num=2 handlers)
2026/09/10 16:29:02.496965 engine.go:668: [Debug] HERTZ: Method=DELETE absolutePath=/api/v1/networks/vpcs/:vpc_id --> handlerName=github.com/kubercloud/ani/services/ani-gateway/internal/router.(*networkLifecycleAPI).deleteVPC-fm (num=2 handlers)
2026/09/10 16:29:02.496970 engine.go:668: [Debug] HERTZ: Method=POST   absolutePath=/api/v1/networks/subnets  --> handlerName=github.com/kubercloud/ani/services/ani-gateway/internal/router.(*networkLifecycleAPI).createSubnet-fm (num=2 handlers)
2026/09/10 16:29:02.496978 engine.go:668: [Debug] HERTZ: Method=GET    absolutePath=/api/v1/networks/subnets  --> handlerName=github.com/kubercloud/ani/services/ani-gateway/internal/router.(*networkLifecycleAPI).listSubnets-fm (num=2 handlers)
2026/09/10 16:29:02.496993 engine.go:668: [Debug] HERTZ: Method=GET    absolutePath=/api/v1/networks/subnets/:subnet_id --> handlerName=github.com/kubercloud/ani/services/ani-gateway/internal/router.(*networkLifecycleAPI).getSubnet-fm (num=2 handlers)
2026/09/10 16:29:02.497001 engine.go:668: [Debug] HERTZ: Method=DELETE absolutePath=/api/v1/networks/subnets/:subnet_id --> handlerName=github.com/kubercloud/ani/services/ani-gateway/internal/router.(*networkLifecycleAPI).deleteSubnet-fm (num=2 handlers)
2026/09/10 16:29:02.497005 engine.go:668: [Debug] HERTZ: Method=GET    absolutePath=/api/v1/networks/operations/:operation_id --> handlerName=github.com/kubercloud/ani/services/ani-gateway/internal/router.(*networkLifecycleAPI).getOperation-fm (num=2 handlers)
=== RUN   TestNET05NetworkRoutesRejectInvalidTenantContextBeforeRPC/invalid/DELETE/networks/vpcs/vpc_00000000000000000000000000000001
2026/09/10 16:29:02.497100 engine.go:668: [Debug] HERTZ: Method=POST   absolutePath=/api/v1/networks/vpcs     --> handlerName=github.com/kubercloud/ani/services/ani-gateway/internal/router.(*networkLifecycleAPI).createVPC-fm (num=2 handlers)
2026/09/10 16:29:02.497110 engine.go:668: [Debug] HERTZ: Method=GET    absolutePath=/api/v1/networks/vpcs     --> handlerName=github.com/kubercloud/ani/services/ani-gateway/internal/router.(*networkLifecycleAPI).listVPCs-fm (num=2 handlers)
2026/09/10 16:29:02.497114 engine.go:668: [Debug] HERTZ: Method=GET    absolutePath=/api/v1/networks/vpcs/:vpc_id --> handlerName=github.com/kubercloud/ani/services/ani-gateway/internal/router.(*networkLifecycleAPI).getVPC-fm (num=2 handlers)
2026/09/10 16:29:02.497119 engine.go:668: [Debug] HERTZ: Method=DELETE absolutePath=/api/v1/networks/vpcs/:vpc_id --> handlerName=github.com/kubercloud/ani/services/ani-gateway/internal/router.(*networkLifecycleAPI).deleteVPC-fm (num=2 handlers)
2026/09/10 16:29:02.497127 engine.go:668: [Debug] HERTZ: Method=POST   absolutePath=/api/v1/networks/subnets  --> handlerName=github.com/kubercloud/ani/services/ani-gateway/internal/router.(*networkLifecycleAPI).createSubnet-fm (num=2 handlers)
2026/09/10 16:29:02.497131 engine.go:668: [Debug] HERTZ: Method=GET    absolutePath=/api/v1/networks/subnets  --> handlerName=github.com/kubercloud/ani/services/ani-gateway/internal/router.(*networkLifecycleAPI).listSubnets-fm (num=2 handlers)
2026/09/10 16:29:02.497145 engine.go:668: [Debug] HERTZ: Method=GET    absolutePath=/api/v1/networks/subnets/:subnet_id --> handlerName=github.com/kubercloud/ani/services/ani-gateway/internal/router.(*networkLifecycleAPI).getSubnet-fm (num=2 handlers)
2026/09/10 16:29:02.497150 engine.go:668: [Debug] HERTZ: Method=DELETE absolutePath=/api/v1/networks/subnets/:subnet_id --> handlerName=github.com/kubercloud/ani/services/ani-gateway/internal/router.(*networkLifecycleAPI).deleteSubnet-fm (num=2 handlers)
2026/09/10 16:29:02.497153 engine.go:668: [Debug] HERTZ: Method=GET    absolutePath=/api/v1/networks/operations/:operation_id --> handlerName=github.com/kubercloud/ani/services/ani-gateway/internal/router.(*networkLifecycleAPI).getOperation-fm (num=2 handlers)
=== RUN   TestNET05NetworkRoutesRejectInvalidTenantContextBeforeRPC/invalid/POST/networks/subnets
2026/09/10 16:29:02.497224 engine.go:668: [Debug] HERTZ: Method=POST   absolutePath=/api/v1/networks/vpcs     --> handlerName=github.com/kubercloud/ani/services/ani-gateway/internal/router.(*networkLifecycleAPI).createVPC-fm (num=2 handlers)
2026/09/10 16:29:02.497238 engine.go:668: [Debug] HERTZ: Method=GET    absolutePath=/api/v1/networks/vpcs     --> handlerName=github.com/kubercloud/ani/services/ani-gateway/internal/router.(*networkLifecycleAPI).listVPCs-fm (num=2 handlers)
2026/09/10 16:29:02.497242 engine.go:668: [Debug] HERTZ: Method=GET    absolutePath=/api/v1/networks/vpcs/:vpc_id --> handlerName=github.com/kubercloud/ani/services/ani-gateway/internal/router.(*networkLifecycleAPI).getVPC-fm (num=2 handlers)
2026/09/10 16:29:02.497251 engine.go:668: [Debug] HERTZ: Method=DELETE absolutePath=/api/v1/networks/vpcs/:vpc_id --> handlerName=github.com/kubercloud/ani/services/ani-gateway/internal/router.(*networkLifecycleAPI).deleteVPC-fm (num=2 handlers)
2026/09/10 16:29:02.497255 engine.go:668: [Debug] HERTZ: Method=POST   absolutePath=/api/v1/networks/subnets  --> handlerName=github.com/kubercloud/ani/services/ani-gateway/internal/router.(*networkLifecycleAPI).createSubnet-fm (num=2 handlers)
2026/09/10 16:29:02.497259 engine.go:668: [Debug] HERTZ: Method=GET    absolutePath=/api/v1/networks/subnets  --> handlerName=github.com/kubercloud/ani/services/ani-gateway/internal/router.(*networkLifecycleAPI).listSubnets-fm (num=2 handlers)
2026/09/10 16:29:02.497268 engine.go:668: [Debug] HERTZ: Method=GET    absolutePath=/api/v1/networks/subnets/:subnet_id --> handlerName=github.com/kubercloud/ani/services/ani-gateway/internal/router.(*networkLifecycleAPI).getSubnet-fm (num=2 handlers)
2026/09/10 16:29:02.497283 engine.go:668: [Debug] HERTZ: Method=DELETE absolutePath=/api/v1/networks/subnets/:subnet_id --> handlerName=github.com/kubercloud/ani/services/ani-gateway/internal/router.(*networkLifecycleAPI).deleteSubnet-fm (num=2 handlers)
2026/09/10 16:29:02.497287 engine.go:668: [Debug] HERTZ: Method=GET    absolutePath=/api/v1/networks/operations/:operation_id --> handlerName=github.com/kubercloud/ani/services/ani-gateway/internal/router.(*networkLifecycleAPI).getOperation-fm (num=2 handlers)
=== RUN   TestNET05NetworkRoutesRejectInvalidTenantContextBeforeRPC/invalid/GET/networks/subnets
2026/09/10 16:29:02.497355 engine.go:668: [Debug] HERTZ: Method=POST   absolutePath=/api/v1/networks/vpcs     --> handlerName=github.com/kubercloud/ani/services/ani-gateway/internal/router.(*networkLifecycleAPI).createVPC-fm (num=2 handlers)
2026/09/10 16:29:02.497364 engine.go:668: [Debug] HERTZ: Method=GET    absolutePath=/api/v1/networks/vpcs     --> handlerName=github.com/kubercloud/ani/services/ani-gateway/internal/router.(*networkLifecycleAPI).listVPCs-fm (num=2 handlers)
2026/09/10 16:29:02.497368 engine.go:668: [Debug] HERTZ: Method=GET    absolutePath=/api/v1/networks/vpcs/:vpc_id --> handlerName=github.com/kubercloud/ani/services/ani-gateway/internal/router.(*networkLifecycleAPI).getVPC-fm (num=2 handlers)
2026/09/10 16:29:02.497378 engine.go:668: [Debug] HERTZ: Method=DELETE absolutePath=/api/v1/networks/vpcs/:vpc_id --> handlerName=github.com/kubercloud/ani/services/ani-gateway/internal/router.(*networkLifecycleAPI).deleteVPC-fm (num=2 handlers)
2026/09/10 16:29:02.497384 engine.go:668: [Debug] HERTZ: Method=POST   absolutePath=/api/v1/networks/subnets  --> handlerName=github.com/kubercloud/ani/services/ani-gateway/internal/router.(*networkLifecycleAPI).createSubnet-fm (num=2 handlers)
2026/09/10 16:29:02.497388 engine.go:668: [Debug] HERTZ: Method=GET    absolutePath=/api/v1/networks/subnets  --> handlerName=github.com/kubercloud/ani/services/ani-gateway/internal/router.(*networkLifecycleAPI).listSubnets-fm (num=2 handlers)
2026/09/10 16:29:02.497394 engine.go:668: [Debug] HERTZ: Method=GET    absolutePath=/api/v1/networks/subnets/:subnet_id --> handlerName=github.com/kubercloud/ani/services/ani-gateway/internal/router.(*networkLifecycleAPI).getSubnet-fm (num=2 handlers)
2026/09/10 16:29:02.497398 engine.go:668: [Debug] HERTZ: Method=DELETE absolutePath=/api/v1/networks/subnets/:subnet_id --> handlerName=github.com/kubercloud/ani/services/ani-gateway/internal/router.(*networkLifecycleAPI).deleteSubnet-fm (num=2 handlers)
2026/09/10 16:29:02.497411 engine.go:668: [Debug] HERTZ: Method=GET    absolutePath=/api/v1/networks/operations/:operation_id --> handlerName=github.com/kubercloud/ani/services/ani-gateway/internal/router.(*networkLifecycleAPI).getOperation-fm (num=2 handlers)
=== RUN   TestNET05NetworkRoutesRejectInvalidTenantContextBeforeRPC/invalid/GET/networks/subnets/subnet_00000000000000000000000000000001
2026/09/10 16:29:02.497489 engine.go:668: [Debug] HERTZ: Method=POST   absolutePath=/api/v1/networks/vpcs     --> handlerName=github.com/kubercloud/ani/services/ani-gateway/internal/router.(*networkLifecycleAPI).createVPC-fm (num=2 handlers)
2026/09/10 16:29:02.497502 engine.go:668: [Debug] HERTZ: Method=GET    absolutePath=/api/v1/networks/vpcs     --> handlerName=github.com/kubercloud/ani/services/ani-gateway/internal/router.(*networkLifecycleAPI).listVPCs-fm (num=2 handlers)
2026/09/10 16:29:02.497507 engine.go:668: [Debug] HERTZ: Method=GET    absolutePath=/api/v1/networks/vpcs/:vpc_id --> handlerName=github.com/kubercloud/ani/services/ani-gateway/internal/router.(*networkLifecycleAPI).getVPC-fm (num=2 handlers)
2026/09/10 16:29:02.497511 engine.go:668: [Debug] HERTZ: Method=DELETE absolutePath=/api/v1/networks/vpcs/:vpc_id --> handlerName=github.com/kubercloud/ani/services/ani-gateway/internal/router.(*networkLifecycleAPI).deleteVPC-fm (num=2 handlers)
2026/09/10 16:29:02.497521 engine.go:668: [Debug] HERTZ: Method=POST   absolutePath=/api/v1/networks/subnets  --> handlerName=github.com/kubercloud/ani/services/ani-gateway/internal/router.(*networkLifecycleAPI).createSubnet-fm (num=2 handlers)
2026/09/10 16:29:02.497524 engine.go:668: [Debug] HERTZ: Method=GET    absolutePath=/api/v1/networks/subnets  --> handlerName=github.com/kubercloud/ani/services/ani-gateway/internal/router.(*networkLifecycleAPI).listSubnets-fm (num=2 handlers)
2026/09/10 16:29:02.497528 engine.go:668: [Debug] HERTZ: Method=GET    absolutePath=/api/v1/networks/subnets/:subnet_id --> handlerName=github.com/kubercloud/ani/services/ani-gateway/internal/router.(*networkLifecycleAPI).getSubnet-fm (num=2 handlers)
2026/09/10 16:29:02.497532 engine.go:668: [Debug] HERTZ: Method=DELETE absolutePath=/api/v1/networks/subnets/:subnet_id --> handlerName=github.com/kubercloud/ani/services/ani-gateway/internal/router.(*networkLifecycleAPI).deleteSubnet-fm (num=2 handlers)
2026/09/10 16:29:02.497535 engine.go:668: [Debug] HERTZ: Method=GET    absolutePath=/api/v1/networks/operations/:operation_id --> handlerName=github.com/kubercloud/ani/services/ani-gateway/internal/router.(*networkLifecycleAPI).getOperation-fm (num=2 handlers)
=== RUN   TestNET05NetworkRoutesRejectInvalidTenantContextBeforeRPC/invalid/DELETE/networks/subnets/subnet_00000000000000000000000000000001
2026/09/10 16:29:02.497629 engine.go:668: [Debug] HERTZ: Method=POST   absolutePath=/api/v1/networks/vpcs     --> handlerName=github.com/kubercloud/ani/services/ani-gateway/internal/router.(*networkLifecycleAPI).createVPC-fm (num=2 handlers)
2026/09/10 16:29:02.497638 engine.go:668: [Debug] HERTZ: Method=GET    absolutePath=/api/v1/networks/vpcs     --> handlerName=github.com/kubercloud/ani/services/ani-gateway/internal/router.(*networkLifecycleAPI).listVPCs-fm (num=2 handlers)
2026/09/10 16:29:02.497642 engine.go:668: [Debug] HERTZ: Method=GET    absolutePath=/api/v1/networks/vpcs/:vpc_id --> handlerName=github.com/kubercloud/ani/services/ani-gateway/internal/router.(*networkLifecycleAPI).getVPC-fm (num=2 handlers)
2026/09/10 16:29:02.497652 engine.go:668: [Debug] HERTZ: Method=DELETE absolutePath=/api/v1/networks/vpcs/:vpc_id --> handlerName=github.com/kubercloud/ani/services/ani-gateway/internal/router.(*networkLifecycleAPI).deleteVPC-fm (num=2 handlers)
2026/09/10 16:29:02.497660 engine.go:668: [Debug] HERTZ: Method=POST   absolutePath=/api/v1/networks/subnets  --> handlerName=github.com/kubercloud/ani/services/ani-gateway/internal/router.(*networkLifecycleAPI).createSubnet-fm (num=2 handlers)
2026/09/10 16:29:02.497664 engine.go:668: [Debug] HERTZ: Method=GET    absolutePath=/api/v1/networks/subnets  --> handlerName=github.com/kubercloud/ani/services/ani-gateway/internal/router.(*networkLifecycleAPI).listSubnets-fm (num=2 handlers)
2026/09/10 16:29:02.497669 engine.go:668: [Debug] HERTZ: Method=GET    absolutePath=/api/v1/networks/subnets/:subnet_id --> handlerName=github.com/kubercloud/ani/services/ani-gateway/internal/router.(*networkLifecycleAPI).getSubnet-fm (num=2 handlers)
2026/09/10 16:29:02.497673 engine.go:668: [Debug] HERTZ: Method=DELETE absolutePath=/api/v1/networks/subnets/:subnet_id --> handlerName=github.com/kubercloud/ani/services/ani-gateway/internal/router.(*networkLifecycleAPI).deleteSubnet-fm (num=2 handlers)
2026/09/10 16:29:02.497680 engine.go:668: [Debug] HERTZ: Method=GET    absolutePath=/api/v1/networks/operations/:operation_id --> handlerName=github.com/kubercloud/ani/services/ani-gateway/internal/router.(*networkLifecycleAPI).getOperation-fm (num=2 handlers)
=== RUN   TestNET05NetworkRoutesRejectInvalidTenantContextBeforeRPC/invalid/GET/networks/operations/00000000-0000-4000-8000-000000000001
2026/09/10 16:29:02.497757 engine.go:668: [Debug] HERTZ: Method=POST   absolutePath=/api/v1/networks/vpcs     --> handlerName=github.com/kubercloud/ani/services/ani-gateway/internal/router.(*networkLifecycleAPI).createVPC-fm (num=2 handlers)
2026/09/10 16:29:02.497766 engine.go:668: [Debug] HERTZ: Method=GET    absolutePath=/api/v1/networks/vpcs     --> handlerName=github.com/kubercloud/ani/services/ani-gateway/internal/router.(*networkLifecycleAPI).listVPCs-fm (num=2 handlers)
2026/09/10 16:29:02.497770 engine.go:668: [Debug] HERTZ: Method=GET    absolutePath=/api/v1/networks/vpcs/:vpc_id --> handlerName=github.com/kubercloud/ani/services/ani-gateway/internal/router.(*networkLifecycleAPI).getVPC-fm (num=2 handlers)
2026/09/10 16:29:02.497775 engine.go:668: [Debug] HERTZ: Method=DELETE absolutePath=/api/v1/networks/vpcs/:vpc_id --> handlerName=github.com/kubercloud/ani/services/ani-gateway/internal/router.(*networkLifecycleAPI).deleteVPC-fm (num=2 handlers)
2026/09/10 16:29:02.497782 engine.go:668: [Debug] HERTZ: Method=POST   absolutePath=/api/v1/networks/subnets  --> handlerName=github.com/kubercloud/ani/services/ani-gateway/internal/router.(*networkLifecycleAPI).createSubnet-fm (num=2 handlers)
2026/09/10 16:29:02.497786 engine.go:668: [Debug] HERTZ: Method=GET    absolutePath=/api/v1/networks/subnets  --> handlerName=github.com/kubercloud/ani/services/ani-gateway/internal/router.(*networkLifecycleAPI).listSubnets-fm (num=2 handlers)
2026/09/10 16:29:02.497797 engine.go:668: [Debug] HERTZ: Method=GET    absolutePath=/api/v1/networks/subnets/:subnet_id --> handlerName=github.com/kubercloud/ani/services/ani-gateway/internal/router.(*networkLifecycleAPI).getSubnet-fm (num=2 handlers)
2026/09/10 16:29:02.497804 engine.go:668: [Debug] HERTZ: Method=DELETE absolutePath=/api/v1/networks/subnets/:subnet_id --> handlerName=github.com/kubercloud/ani/services/ani-gateway/internal/router.(*networkLifecycleAPI).deleteSubnet-fm (num=2 handlers)
2026/09/10 16:29:02.497821 engine.go:668: [Debug] HERTZ: Method=GET    absolutePath=/api/v1/networks/operations/:operation_id --> handlerName=github.com/kubercloud/ani/services/ani-gateway/internal/router.(*networkLifecycleAPI).getOperation-fm (num=2 handlers)
=== RUN   TestNET05NetworkRoutesRejectInvalidTenantContextBeforeRPC/zero/POST/networks/vpcs
2026/09/10 16:29:02.497909 engine.go:668: [Debug] HERTZ: Method=POST   absolutePath=/api/v1/networks/vpcs     --> handlerName=github.com/kubercloud/ani/services/ani-gateway/internal/router.(*networkLifecycleAPI).createVPC-fm (num=2 handlers)
2026/09/10 16:29:02.497918 engine.go:668: [Debug] HERTZ: Method=GET    absolutePath=/api/v1/networks/vpcs     --> handlerName=github.com/kubercloud/ani/services/ani-gateway/internal/router.(*networkLifecycleAPI).listVPCs-fm (num=2 handlers)
2026/09/10 16:29:02.497923 engine.go:668: [Debug] HERTZ: Method=GET    absolutePath=/api/v1/networks/vpcs/:vpc_id --> handlerName=github.com/kubercloud/ani/services/ani-gateway/internal/router.(*networkLifecycleAPI).getVPC-fm (num=2 handlers)
2026/09/10 16:29:02.497927 engine.go:668: [Debug] HERTZ: Method=DELETE absolutePath=/api/v1/networks/vpcs/:vpc_id --> handlerName=github.com/kubercloud/ani/services/ani-gateway/internal/router.(*networkLifecycleAPI).deleteVPC-fm (num=2 handlers)
2026/09/10 16:29:02.497937 engine.go:668: [Debug] HERTZ: Method=POST   absolutePath=/api/v1/networks/subnets  --> handlerName=github.com/kubercloud/ani/services/ani-gateway/internal/router.(*networkLifecycleAPI).createSubnet-fm (num=2 handlers)
2026/09/10 16:29:02.497941 engine.go:668: [Debug] HERTZ: Method=GET    absolutePath=/api/v1/networks/subnets  --> handlerName=github.com/kubercloud/ani/services/ani-gateway/internal/router.(*networkLifecycleAPI).listSubnets-fm (num=2 handlers)
2026/09/10 16:29:02.497950 engine.go:668: [Debug] HERTZ: Method=GET    absolutePath=/api/v1/networks/subnets/:subnet_id --> handlerName=github.com/kubercloud/ani/services/ani-gateway/internal/router.(*networkLifecycleAPI).getSubnet-fm (num=2 handlers)
2026/09/10 16:29:02.497958 engine.go:668: [Debug] HERTZ: Method=DELETE absolutePath=/api/v1/networks/subnets/:subnet_id --> handlerName=github.com/kubercloud/ani/services/ani-gateway/internal/router.(*networkLifecycleAPI).deleteSubnet-fm (num=2 handlers)
2026/09/10 16:29:02.497962 engine.go:668: [Debug] HERTZ: Method=GET    absolutePath=/api/v1/networks/operations/:operation_id --> handlerName=github.com/kubercloud/ani/services/ani-gateway/internal/router.(*networkLifecycleAPI).getOperation-fm (num=2 handlers)
=== RUN   TestNET05NetworkRoutesRejectInvalidTenantContextBeforeRPC/zero/GET/networks/vpcs
2026/09/10 16:29:02.498034 engine.go:668: [Debug] HERTZ: Method=POST   absolutePath=/api/v1/networks/vpcs     --> handlerName=github.com/kubercloud/ani/services/ani-gateway/internal/router.(*networkLifecycleAPI).createVPC-fm (num=2 handlers)
2026/09/10 16:29:02.498042 engine.go:668: [Debug] HERTZ: Method=GET    absolutePath=/api/v1/networks/vpcs     --> handlerName=github.com/kubercloud/ani/services/ani-gateway/internal/router.(*networkLifecycleAPI).listVPCs-fm (num=2 handlers)
2026/09/10 16:29:02.498047 engine.go:668: [Debug] HERTZ: Method=GET    absolutePath=/api/v1/networks/vpcs/:vpc_id --> handlerName=github.com/kubercloud/ani/services/ani-gateway/internal/router.(*networkLifecycleAPI).getVPC-fm (num=2 handlers)
2026/09/10 16:29:02.498052 engine.go:668: [Debug] HERTZ: Method=DELETE absolutePath=/api/v1/networks/vpcs/:vpc_id --> handlerName=github.com/kubercloud/ani/services/ani-gateway/internal/router.(*networkLifecycleAPI).deleteVPC-fm (num=2 handlers)
2026/09/10 16:29:02.498057 engine.go:668: [Debug] HERTZ: Method=POST   absolutePath=/api/v1/networks/subnets  --> handlerName=github.com/kubercloud/ani/services/ani-gateway/internal/router.(*networkLifecycleAPI).createSubnet-fm (num=2 handlers)
2026/09/10 16:29:02.498071 engine.go:668: [Debug] HERTZ: Method=GET    absolutePath=/api/v1/networks/subnets  --> handlerName=github.com/kubercloud/ani/services/ani-gateway/internal/router.(*networkLifecycleAPI).listSubnets-fm (num=2 handlers)
2026/09/10 16:29:02.498078 engine.go:668: [Debug] HERTZ: Method=GET    absolutePath=/api/v1/networks/subnets/:subnet_id --> handlerName=github.com/kubercloud/ani/services/ani-gateway/internal/router.(*networkLifecycleAPI).getSubnet-fm (num=2 handlers)
2026/09/10 16:29:02.498088 engine.go:668: [Debug] HERTZ: Method=DELETE absolutePath=/api/v1/networks/subnets/:subnet_id --> handlerName=github.com/kubercloud/ani/services/ani-gateway/internal/router.(*networkLifecycleAPI).deleteSubnet-fm (num=2 handlers)
2026/09/10 16:29:02.498100 engine.go:668: [Debug] HERTZ: Method=GET    absolutePath=/api/v1/networks/operations/:operation_id --> handlerName=github.com/kubercloud/ani/services/ani-gateway/internal/router.(*networkLifecycleAPI).getOperation-fm (num=2 handlers)
=== RUN   TestNET05NetworkRoutesRejectInvalidTenantContextBeforeRPC/zero/GET/networks/vpcs/vpc_00000000000000000000000000000001
2026/09/10 16:29:02.498192 engine.go:668: [Debug] HERTZ: Method=POST   absolutePath=/api/v1/networks/vpcs     --> handlerName=github.com/kubercloud/ani/services/ani-gateway/internal/router.(*networkLifecycleAPI).createVPC-fm (num=2 handlers)
2026/09/10 16:29:02.498201 engine.go:668: [Debug] HERTZ: Method=GET    absolutePath=/api/v1/networks/vpcs     --> handlerName=github.com/kubercloud/ani/services/ani-gateway/internal/router.(*networkLifecycleAPI).listVPCs-fm (num=2 handlers)
2026/09/10 16:29:02.498206 engine.go:668: [Debug] HERTZ: Method=GET    absolutePath=/api/v1/networks/vpcs/:vpc_id --> handlerName=github.com/kubercloud/ani/services/ani-gateway/internal/router.(*networkLifecycleAPI).getVPC-fm (num=2 handlers)
2026/09/10 16:29:02.498218 engine.go:668: [Debug] HERTZ: Method=DELETE absolutePath=/api/v1/networks/vpcs/:vpc_id --> handlerName=github.com/kubercloud/ani/services/ani-gateway/internal/router.(*networkLifecycleAPI).deleteVPC-fm (num=2 handlers)
2026/09/10 16:29:02.498223 engine.go:668: [Debug] HERTZ: Method=POST   absolutePath=/api/v1/networks/subnets  --> handlerName=github.com/kubercloud/ani/services/ani-gateway/internal/router.(*networkLifecycleAPI).createSubnet-fm (num=2 handlers)
2026/09/10 16:29:02.498233 engine.go:668: [Debug] HERTZ: Method=GET    absolutePath=/api/v1/networks/subnets  --> handlerName=github.com/kubercloud/ani/services/ani-gateway/internal/router.(*networkLifecycleAPI).listSubnets-fm (num=2 handlers)
2026/09/10 16:29:02.498240 engine.go:668: [Debug] HERTZ: Method=GET    absolutePath=/api/v1/networks/subnets/:subnet_id --> handlerName=github.com/kubercloud/ani/services/ani-gateway/internal/router.(*networkLifecycleAPI).getSubnet-fm (num=2 handlers)
2026/09/10 16:29:02.498248 engine.go:668: [Debug] HERTZ: Method=DELETE absolutePath=/api/v1/networks/subnets/:subnet_id --> handlerName=github.com/kubercloud/ani/services/ani-gateway/internal/router.(*networkLifecycleAPI).deleteSubnet-fm (num=2 handlers)
2026/09/10 16:29:02.498256 engine.go:668: [Debug] HERTZ: Method=GET    absolutePath=/api/v1/networks/operations/:operation_id --> handlerName=github.com/kubercloud/ani/services/ani-gateway/internal/router.(*networkLifecycleAPI).getOperation-fm (num=2 handlers)
=== RUN   TestNET05NetworkRoutesRejectInvalidTenantContextBeforeRPC/zero/DELETE/networks/vpcs/vpc_00000000000000000000000000000001
2026/09/10 16:29:02.498331 engine.go:668: [Debug] HERTZ: Method=POST   absolutePath=/api/v1/networks/vpcs     --> handlerName=github.com/kubercloud/ani/services/ani-gateway/internal/router.(*networkLifecycleAPI).createVPC-fm (num=2 handlers)
2026/09/10 16:29:02.498339 engine.go:668: [Debug] HERTZ: Method=GET    absolutePath=/api/v1/networks/vpcs     --> handlerName=github.com/kubercloud/ani/services/ani-gateway/internal/router.(*networkLifecycleAPI).listVPCs-fm (num=2 handlers)
2026/09/10 16:29:02.498344 engine.go:668: [Debug] HERTZ: Method=GET    absolutePath=/api/v1/networks/vpcs/:vpc_id --> handlerName=github.com/kubercloud/ani/services/ani-gateway/internal/router.(*networkLifecycleAPI).getVPC-fm (num=2 handlers)
2026/09/10 16:29:02.498349 engine.go:668: [Debug] HERTZ: Method=DELETE absolutePath=/api/v1/networks/vpcs/:vpc_id --> handlerName=github.com/kubercloud/ani/services/ani-gateway/internal/router.(*networkLifecycleAPI).deleteVPC-fm (num=2 handlers)
2026/09/10 16:29:02.498357 engine.go:668: [Debug] HERTZ: Method=POST   absolutePath=/api/v1/networks/subnets  --> handlerName=github.com/kubercloud/ani/services/ani-gateway/internal/router.(*networkLifecycleAPI).createSubnet-fm (num=2 handlers)
2026/09/10 16:29:02.498362 engine.go:668: [Debug] HERTZ: Method=GET    absolutePath=/api/v1/networks/subnets  --> handlerName=github.com/kubercloud/ani/services/ani-gateway/internal/router.(*networkLifecycleAPI).listSubnets-fm (num=2 handlers)
2026/09/10 16:29:02.498366 engine.go:668: [Debug] HERTZ: Method=GET    absolutePath=/api/v1/networks/subnets/:subnet_id --> handlerName=github.com/kubercloud/ani/services/ani-gateway/internal/router.(*networkLifecycleAPI).getSubnet-fm (num=2 handlers)
2026/09/10 16:29:02.498374 engine.go:668: [Debug] HERTZ: Method=DELETE absolutePath=/api/v1/networks/subnets/:subnet_id --> handlerName=github.com/kubercloud/ani/services/ani-gateway/internal/router.(*networkLifecycleAPI).deleteSubnet-fm (num=2 handlers)
2026/09/10 16:29:02.498384 engine.go:668: [Debug] HERTZ: Method=GET    absolutePath=/api/v1/networks/operations/:operation_id --> handlerName=github.com/kubercloud/ani/services/ani-gateway/internal/router.(*networkLifecycleAPI).getOperation-fm (num=2 handlers)
=== RUN   TestNET05NetworkRoutesRejectInvalidTenantContextBeforeRPC/zero/POST/networks/subnets
2026/09/10 16:29:02.498452 engine.go:668: [Debug] HERTZ: Method=POST   absolutePath=/api/v1/networks/vpcs     --> handlerName=github.com/kubercloud/ani/services/ani-gateway/internal/router.(*networkLifecycleAPI).createVPC-fm (num=2 handlers)
2026/09/10 16:29:02.498460 engine.go:668: [Debug] HERTZ: Method=GET    absolutePath=/api/v1/networks/vpcs     --> handlerName=github.com/kubercloud/ani/services/ani-gateway/internal/router.(*networkLifecycleAPI).listVPCs-fm (num=2 handlers)
2026/09/10 16:29:02.498465 engine.go:668: [Debug] HERTZ: Method=GET    absolutePath=/api/v1/networks/vpcs/:vpc_id --> handlerName=github.com/kubercloud/ani/services/ani-gateway/internal/router.(*networkLifecycleAPI).getVPC-fm (num=2 handlers)
2026/09/10 16:29:02.498469 engine.go:668: [Debug] HERTZ: Method=DELETE absolutePath=/api/v1/networks/vpcs/:vpc_id --> handlerName=github.com/kubercloud/ani/services/ani-gateway/internal/router.(*networkLifecycleAPI).deleteVPC-fm (num=2 handlers)
2026/09/10 16:29:02.498473 engine.go:668: [Debug] HERTZ: Method=POST   absolutePath=/api/v1/networks/subnets  --> handlerName=github.com/kubercloud/ani/services/ani-gateway/internal/router.(*networkLifecycleAPI).createSubnet-fm (num=2 handlers)
2026/09/10 16:29:02.498478 engine.go:668: [Debug] HERTZ: Method=GET    absolutePath=/api/v1/networks/subnets  --> handlerName=github.com/kubercloud/ani/services/ani-gateway/internal/router.(*networkLifecycleAPI).listSubnets-fm (num=2 handlers)
2026/09/10 16:29:02.498487 engine.go:668: [Debug] HERTZ: Method=GET    absolutePath=/api/v1/networks/subnets/:subnet_id --> handlerName=github.com/kubercloud/ani/services/ani-gateway/internal/router.(*networkLifecycleAPI).getSubnet-fm (num=2 handlers)
2026/09/10 16:29:02.498500 engine.go:668: [Debug] HERTZ: Method=DELETE absolutePath=/api/v1/networks/subnets/:subnet_id --> handlerName=github.com/kubercloud/ani/services/ani-gateway/internal/router.(*networkLifecycleAPI).deleteSubnet-fm (num=2 handlers)
2026/09/10 16:29:02.498504 engine.go:668: [Debug] HERTZ: Method=GET    absolutePath=/api/v1/networks/operations/:operation_id --> handlerName=github.com/kubercloud/ani/services/ani-gateway/internal/router.(*networkLifecycleAPI).getOperation-fm (num=2 handlers)
=== RUN   TestNET05NetworkRoutesRejectInvalidTenantContextBeforeRPC/zero/GET/networks/subnets
2026/09/10 16:29:02.498565 engine.go:668: [Debug] HERTZ: Method=POST   absolutePath=/api/v1/networks/vpcs     --> handlerName=github.com/kubercloud/ani/services/ani-gateway/internal/router.(*networkLifecycleAPI).createVPC-fm (num=2 handlers)
2026/09/10 16:29:02.498581 engine.go:668: [Debug] HERTZ: Method=GET    absolutePath=/api/v1/networks/vpcs     --> handlerName=github.com/kubercloud/ani/services/ani-gateway/internal/router.(*networkLifecycleAPI).listVPCs-fm (num=2 handlers)
2026/09/10 16:29:02.498595 engine.go:668: [Debug] HERTZ: Method=GET    absolutePath=/api/v1/networks/vpcs/:vpc_id --> handlerName=github.com/kubercloud/ani/services/ani-gateway/internal/router.(*networkLifecycleAPI).getVPC-fm (num=2 handlers)
2026/09/10 16:29:02.498602 engine.go:668: [Debug] HERTZ: Method=DELETE absolutePath=/api/v1/networks/vpcs/:vpc_id --> handlerName=github.com/kubercloud/ani/services/ani-gateway/internal/router.(*networkLifecycleAPI).deleteVPC-fm (num=2 handlers)
2026/09/10 16:29:02.498606 engine.go:668: [Debug] HERTZ: Method=POST   absolutePath=/api/v1/networks/subnets  --> handlerName=github.com/kubercloud/ani/services/ani-gateway/internal/router.(*networkLifecycleAPI).createSubnet-fm (num=2 handlers)
2026/09/10 16:29:02.498614 engine.go:668: [Debug] HERTZ: Method=GET    absolutePath=/api/v1/networks/subnets  --> handlerName=github.com/kubercloud/ani/services/ani-gateway/internal/router.(*networkLifecycleAPI).listSubnets-fm (num=2 handlers)
2026/09/10 16:29:02.498627 engine.go:668: [Debug] HERTZ: Method=GET    absolutePath=/api/v1/networks/subnets/:subnet_id --> handlerName=github.com/kubercloud/ani/services/ani-gateway/internal/router.(*networkLifecycleAPI).getSubnet-fm (num=2 handlers)
2026/09/10 16:29:02.498631 engine.go:668: [Debug] HERTZ: Method=DELETE absolutePath=/api/v1/networks/subnets/:subnet_id --> handlerName=github.com/kubercloud/ani/services/ani-gateway/internal/router.(*networkLifecycleAPI).deleteSubnet-fm (num=2 handlers)
2026/09/10 16:29:02.498635 engine.go:668: [Debug] HERTZ: Method=GET    absolutePath=/api/v1/networks/operations/:operation_id --> handlerName=github.com/kubercloud/ani/services/ani-gateway/internal/router.(*networkLifecycleAPI).getOperation-fm (num=2 handlers)
=== RUN   TestNET05NetworkRoutesRejectInvalidTenantContextBeforeRPC/zero/GET/networks/subnets/subnet_00000000000000000000000000000001
2026/09/10 16:29:02.498724 engine.go:668: [Debug] HERTZ: Method=POST   absolutePath=/api/v1/networks/vpcs     --> handlerName=github.com/kubercloud/ani/services/ani-gateway/internal/router.(*networkLifecycleAPI).createVPC-fm (num=2 handlers)
2026/09/10 16:29:02.498729 engine.go:668: [Debug] HERTZ: Method=GET    absolutePath=/api/v1/networks/vpcs     --> handlerName=github.com/kubercloud/ani/services/ani-gateway/internal/router.(*networkLifecycleAPI).listVPCs-fm (num=2 handlers)
2026/09/10 16:29:02.498734 engine.go:668: [Debug] HERTZ: Method=GET    absolutePath=/api/v1/networks/vpcs/:vpc_id --> handlerName=github.com/kubercloud/ani/services/ani-gateway/internal/router.(*networkLifecycleAPI).getVPC-fm (num=2 handlers)
2026/09/10 16:29:02.498739 engine.go:668: [Debug] HERTZ: Method=DELETE absolutePath=/api/v1/networks/vpcs/:vpc_id --> handlerName=github.com/kubercloud/ani/services/ani-gateway/internal/router.(*networkLifecycleAPI).deleteVPC-fm (num=2 handlers)
2026/09/10 16:29:02.498744 engine.go:668: [Debug] HERTZ: Method=POST   absolutePath=/api/v1/networks/subnets  --> handlerName=github.com/kubercloud/ani/services/ani-gateway/internal/router.(*networkLifecycleAPI).createSubnet-fm (num=2 handlers)
2026/09/10 16:29:02.498752 engine.go:668: [Debug] HERTZ: Method=GET    absolutePath=/api/v1/networks/subnets  --> handlerName=github.com/kubercloud/ani/services/ani-gateway/internal/router.(*networkLifecycleAPI).listSubnets-fm (num=2 handlers)
2026/09/10 16:29:02.498755 engine.go:668: [Debug] HERTZ: Method=GET    absolutePath=/api/v1/networks/subnets/:subnet_id --> handlerName=github.com/kubercloud/ani/services/ani-gateway/internal/router.(*networkLifecycleAPI).getSubnet-fm (num=2 handlers)
2026/09/10 16:29:02.498759 engine.go:668: [Debug] HERTZ: Method=DELETE absolutePath=/api/v1/networks/subnets/:subnet_id --> handlerName=github.com/kubercloud/ani/services/ani-gateway/internal/router.(*networkLifecycleAPI).deleteSubnet-fm (num=2 handlers)
2026/09/10 16:29:02.498763 engine.go:668: [Debug] HERTZ: Method=GET    absolutePath=/api/v1/networks/operations/:operation_id --> handlerName=github.com/kubercloud/ani/services/ani-gateway/internal/router.(*networkLifecycleAPI).getOperation-fm (num=2 handlers)
=== RUN   TestNET05NetworkRoutesRejectInvalidTenantContextBeforeRPC/zero/DELETE/networks/subnets/subnet_00000000000000000000000000000001
2026/09/10 16:29:02.498843 engine.go:668: [Debug] HERTZ: Method=POST   absolutePath=/api/v1/networks/vpcs     --> handlerName=github.com/kubercloud/ani/services/ani-gateway/internal/router.(*networkLifecycleAPI).createVPC-fm (num=2 handlers)
2026/09/10 16:29:02.498849 engine.go:668: [Debug] HERTZ: Method=GET    absolutePath=/api/v1/networks/vpcs     --> handlerName=github.com/kubercloud/ani/services/ani-gateway/internal/router.(*networkLifecycleAPI).listVPCs-fm (num=2 handlers)
2026/09/10 16:29:02.498852 engine.go:668: [Debug] HERTZ: Method=GET    absolutePath=/api/v1/networks/vpcs/:vpc_id --> handlerName=github.com/kubercloud/ani/services/ani-gateway/internal/router.(*networkLifecycleAPI).getVPC-fm (num=2 handlers)
2026/09/10 16:29:02.498856 engine.go:668: [Debug] HERTZ: Method=DELETE absolutePath=/api/v1/networks/vpcs/:vpc_id --> handlerName=github.com/kubercloud/ani/services/ani-gateway/internal/router.(*networkLifecycleAPI).deleteVPC-fm (num=2 handlers)
2026/09/10 16:29:02.498859 engine.go:668: [Debug] HERTZ: Method=POST   absolutePath=/api/v1/networks/subnets  --> handlerName=github.com/kubercloud/ani/services/ani-gateway/internal/router.(*networkLifecycleAPI).createSubnet-fm (num=2 handlers)
2026/09/10 16:29:02.498863 engine.go:668: [Debug] HERTZ: Method=GET    absolutePath=/api/v1/networks/subnets  --> handlerName=github.com/kubercloud/ani/services/ani-gateway/internal/router.(*networkLifecycleAPI).listSubnets-fm (num=2 handlers)
2026/09/10 16:29:02.498866 engine.go:668: [Debug] HERTZ: Method=GET    absolutePath=/api/v1/networks/subnets/:subnet_id --> handlerName=github.com/kubercloud/ani/services/ani-gateway/internal/router.(*networkLifecycleAPI).getSubnet-fm (num=2 handlers)
2026/09/10 16:29:02.498869 engine.go:668: [Debug] HERTZ: Method=DELETE absolutePath=/api/v1/networks/subnets/:subnet_id --> handlerName=github.com/kubercloud/ani/services/ani-gateway/internal/router.(*networkLifecycleAPI).deleteSubnet-fm (num=2 handlers)
2026/09/10 16:29:02.498872 engine.go:668: [Debug] HERTZ: Method=GET    absolutePath=/api/v1/networks/operations/:operation_id --> handlerName=github.com/kubercloud/ani/services/ani-gateway/internal/router.(*networkLifecycleAPI).getOperation-fm (num=2 handlers)
=== RUN   TestNET05NetworkRoutesRejectInvalidTenantContextBeforeRPC/zero/GET/networks/operations/00000000-0000-4000-8000-000000000001
2026/09/10 16:29:02.498958 engine.go:668: [Debug] HERTZ: Method=POST   absolutePath=/api/v1/networks/vpcs     --> handlerName=github.com/kubercloud/ani/services/ani-gateway/internal/router.(*networkLifecycleAPI).createVPC-fm (num=2 handlers)
2026/09/10 16:29:02.498976 engine.go:668: [Debug] HERTZ: Method=GET    absolutePath=/api/v1/networks/vpcs     --> handlerName=github.com/kubercloud/ani/services/ani-gateway/internal/router.(*networkLifecycleAPI).listVPCs-fm (num=2 handlers)
2026/09/10 16:29:02.498980 engine.go:668: [Debug] HERTZ: Method=GET    absolutePath=/api/v1/networks/vpcs/:vpc_id --> handlerName=github.com/kubercloud/ani/services/ani-gateway/internal/router.(*networkLifecycleAPI).getVPC-fm (num=2 handlers)
2026/09/10 16:29:02.498984 engine.go:668: [Debug] HERTZ: Method=DELETE absolutePath=/api/v1/networks/vpcs/:vpc_id --> handlerName=github.com/kubercloud/ani/services/ani-gateway/internal/router.(*networkLifecycleAPI).deleteVPC-fm (num=2 handlers)
2026/09/10 16:29:02.498995 engine.go:668: [Debug] HERTZ: Method=POST   absolutePath=/api/v1/networks/subnets  --> handlerName=github.com/kubercloud/ani/services/ani-gateway/internal/router.(*networkLifecycleAPI).createSubnet-fm (num=2 handlers)
2026/09/10 16:29:02.499004 engine.go:668: [Debug] HERTZ: Method=GET    absolutePath=/api/v1/networks/subnets  --> handlerName=github.com/kubercloud/ani/services/ani-gateway/internal/router.(*networkLifecycleAPI).listSubnets-fm (num=2 handlers)
2026/09/10 16:29:02.499012 engine.go:668: [Debug] HERTZ: Method=GET    absolutePath=/api/v1/networks/subnets/:subnet_id --> handlerName=github.com/kubercloud/ani/services/ani-gateway/internal/router.(*networkLifecycleAPI).getSubnet-fm (num=2 handlers)
2026/09/10 16:29:02.499017 engine.go:668: [Debug] HERTZ: Method=DELETE absolutePath=/api/v1/networks/subnets/:subnet_id --> handlerName=github.com/kubercloud/ani/services/ani-gateway/internal/router.(*networkLifecycleAPI).deleteSubnet-fm (num=2 handlers)
2026/09/10 16:29:02.499026 engine.go:668: [Debug] HERTZ: Method=GET    absolutePath=/api/v1/networks/operations/:operation_id --> handlerName=github.com/kubercloud/ani/services/ani-gateway/internal/router.(*networkLifecycleAPI).getOperation-fm (num=2 handlers)
=== RUN   TestNET05NetworkRoutesRejectInvalidTenantContextBeforeRPC/missing-context/POST/networks/vpcs
2026/09/10 16:29:02.499094 engine.go:668: [Debug] HERTZ: Method=POST   absolutePath=/api/v1/networks/vpcs     --> handlerName=github.com/kubercloud/ani/services/ani-gateway/internal/router.(*networkLifecycleAPI).createVPC-fm (num=2 handlers)
2026/09/10 16:29:02.499103 engine.go:668: [Debug] HERTZ: Method=GET    absolutePath=/api/v1/networks/vpcs     --> handlerName=github.com/kubercloud/ani/services/ani-gateway/internal/router.(*networkLifecycleAPI).listVPCs-fm (num=2 handlers)
2026/09/10 16:29:02.499108 engine.go:668: [Debug] HERTZ: Method=GET    absolutePath=/api/v1/networks/vpcs/:vpc_id --> handlerName=github.com/kubercloud/ani/services/ani-gateway/internal/router.(*networkLifecycleAPI).getVPC-fm (num=2 handlers)
2026/09/10 16:29:02.499119 engine.go:668: [Debug] HERTZ: Method=DELETE absolutePath=/api/v1/networks/vpcs/:vpc_id --> handlerName=github.com/kubercloud/ani/services/ani-gateway/internal/router.(*networkLifecycleAPI).deleteVPC-fm (num=2 handlers)
2026/09/10 16:29:02.499123 engine.go:668: [Debug] HERTZ: Method=POST   absolutePath=/api/v1/networks/subnets  --> handlerName=github.com/kubercloud/ani/services/ani-gateway/internal/router.(*networkLifecycleAPI).createSubnet-fm (num=2 handlers)
2026/09/10 16:29:02.499127 engine.go:668: [Debug] HERTZ: Method=GET    absolutePath=/api/v1/networks/subnets  --> handlerName=github.com/kubercloud/ani/services/ani-gateway/internal/router.(*networkLifecycleAPI).listSubnets-fm (num=2 handlers)
2026/09/10 16:29:02.499137 engine.go:668: [Debug] HERTZ: Method=GET    absolutePath=/api/v1/networks/subnets/:subnet_id --> handlerName=github.com/kubercloud/ani/services/ani-gateway/internal/router.(*networkLifecycleAPI).getSubnet-fm (num=2 handlers)
2026/09/10 16:29:02.499154 engine.go:668: [Debug] HERTZ: Method=DELETE absolutePath=/api/v1/networks/subnets/:subnet_id --> handlerName=github.com/kubercloud/ani/services/ani-gateway/internal/router.(*networkLifecycleAPI).deleteSubnet-fm (num=2 handlers)
2026/09/10 16:29:02.499158 engine.go:668: [Debug] HERTZ: Method=GET    absolutePath=/api/v1/networks/operations/:operation_id --> handlerName=github.com/kubercloud/ani/services/ani-gateway/internal/router.(*networkLifecycleAPI).getOperation-fm (num=2 handlers)
=== RUN   TestNET05NetworkRoutesRejectInvalidTenantContextBeforeRPC/missing-context/GET/networks/vpcs
2026/09/10 16:29:02.499233 engine.go:668: [Debug] HERTZ: Method=POST   absolutePath=/api/v1/networks/vpcs     --> handlerName=github.com/kubercloud/ani/services/ani-gateway/internal/router.(*networkLifecycleAPI).createVPC-fm (num=2 handlers)
2026/09/10 16:29:02.499242 engine.go:668: [Debug] HERTZ: Method=GET    absolutePath=/api/v1/networks/vpcs     --> handlerName=github.com/kubercloud/ani/services/ani-gateway/internal/router.(*networkLifecycleAPI).listVPCs-fm (num=2 handlers)
2026/09/10 16:29:02.499247 engine.go:668: [Debug] HERTZ: Method=GET    absolutePath=/api/v1/networks/vpcs/:vpc_id --> handlerName=github.com/kubercloud/ani/services/ani-gateway/internal/router.(*networkLifecycleAPI).getVPC-fm (num=2 handlers)
2026/09/10 16:29:02.499253 engine.go:668: [Debug] HERTZ: Method=DELETE absolutePath=/api/v1/networks/vpcs/:vpc_id --> handlerName=github.com/kubercloud/ani/services/ani-gateway/internal/router.(*networkLifecycleAPI).deleteVPC-fm (num=2 handlers)
2026/09/10 16:29:02.499266 engine.go:668: [Debug] HERTZ: Method=POST   absolutePath=/api/v1/networks/subnets  --> handlerName=github.com/kubercloud/ani/services/ani-gateway/internal/router.(*networkLifecycleAPI).createSubnet-fm (num=2 handlers)
2026/09/10 16:29:02.499270 engine.go:668: [Debug] HERTZ: Method=GET    absolutePath=/api/v1/networks/subnets  --> handlerName=github.com/kubercloud/ani/services/ani-gateway/internal/router.(*networkLifecycleAPI).listSubnets-fm (num=2 handlers)
2026/09/10 16:29:02.499275 engine.go:668: [Debug] HERTZ: Method=GET    absolutePath=/api/v1/networks/subnets/:subnet_id --> handlerName=github.com/kubercloud/ani/services/ani-gateway/internal/router.(*networkLifecycleAPI).getSubnet-fm (num=2 handlers)
2026/09/10 16:29:02.499282 engine.go:668: [Debug] HERTZ: Method=DELETE absolutePath=/api/v1/networks/subnets/:subnet_id --> handlerName=github.com/kubercloud/ani/services/ani-gateway/internal/router.(*networkLifecycleAPI).deleteSubnet-fm (num=2 handlers)
2026/09/10 16:29:02.499287 engine.go:668: [Debug] HERTZ: Method=GET    absolutePath=/api/v1/networks/operations/:operation_id --> handlerName=github.com/kubercloud/ani/services/ani-gateway/internal/router.(*networkLifecycleAPI).getOperation-fm (num=2 handlers)
=== RUN   TestNET05NetworkRoutesRejectInvalidTenantContextBeforeRPC/missing-context/GET/networks/vpcs/vpc_00000000000000000000000000000001
2026/09/10 16:29:02.499360 engine.go:668: [Debug] HERTZ: Method=POST   absolutePath=/api/v1/networks/vpcs     --> handlerName=github.com/kubercloud/ani/services/ani-gateway/internal/router.(*networkLifecycleAPI).createVPC-fm (num=2 handlers)
2026/09/10 16:29:02.499375 engine.go:668: [Debug] HERTZ: Method=GET    absolutePath=/api/v1/networks/vpcs     --> handlerName=github.com/kubercloud/ani/services/ani-gateway/internal/router.(*networkLifecycleAPI).listVPCs-fm (num=2 handlers)
2026/09/10 16:29:02.499397 engine.go:668: [Debug] HERTZ: Method=GET    absolutePath=/api/v1/networks/vpcs/:vpc_id --> handlerName=github.com/kubercloud/ani/services/ani-gateway/internal/router.(*networkLifecycleAPI).getVPC-fm (num=2 handlers)
2026/09/10 16:29:02.499402 engine.go:668: [Debug] HERTZ: Method=DELETE absolutePath=/api/v1/networks/vpcs/:vpc_id --> handlerName=github.com/kubercloud/ani/services/ani-gateway/internal/router.(*networkLifecycleAPI).deleteVPC-fm (num=2 handlers)
2026/09/10 16:29:02.499407 engine.go:668: [Debug] HERTZ: Method=POST   absolutePath=/api/v1/networks/subnets  --> handlerName=github.com/kubercloud/ani/services/ani-gateway/internal/router.(*networkLifecycleAPI).createSubnet-fm (num=2 handlers)
2026/09/10 16:29:02.499412 engine.go:668: [Debug] HERTZ: Method=GET    absolutePath=/api/v1/networks/subnets  --> handlerName=github.com/kubercloud/ani/services/ani-gateway/internal/router.(*networkLifecycleAPI).listSubnets-fm (num=2 handlers)
2026/09/10 16:29:02.499426 engine.go:668: [Debug] HERTZ: Method=GET    absolutePath=/api/v1/networks/subnets/:subnet_id --> handlerName=github.com/kubercloud/ani/services/ani-gateway/internal/router.(*networkLifecycleAPI).getSubnet-fm (num=2 handlers)
2026/09/10 16:29:02.499430 engine.go:668: [Debug] HERTZ: Method=DELETE absolutePath=/api/v1/networks/subnets/:subnet_id --> handlerName=github.com/kubercloud/ani/services/ani-gateway/internal/router.(*networkLifecycleAPI).deleteSubnet-fm (num=2 handlers)
2026/09/10 16:29:02.499442 engine.go:668: [Debug] HERTZ: Method=GET    absolutePath=/api/v1/networks/operations/:operation_id --> handlerName=github.com/kubercloud/ani/services/ani-gateway/internal/router.(*networkLifecycleAPI).getOperation-fm (num=2 handlers)
=== RUN   TestNET05NetworkRoutesRejectInvalidTenantContextBeforeRPC/missing-context/DELETE/networks/vpcs/vpc_00000000000000000000000000000001
2026/09/10 16:29:02.499588 engine.go:668: [Debug] HERTZ: Method=POST   absolutePath=/api/v1/networks/vpcs     --> handlerName=github.com/kubercloud/ani/services/ani-gateway/internal/router.(*networkLifecycleAPI).createVPC-fm (num=2 handlers)
2026/09/10 16:29:02.499612 engine.go:668: [Debug] HERTZ: Method=GET    absolutePath=/api/v1/networks/vpcs     --> handlerName=github.com/kubercloud/ani/services/ani-gateway/internal/router.(*networkLifecycleAPI).listVPCs-fm (num=2 handlers)
2026/09/10 16:29:02.499621 engine.go:668: [Debug] HERTZ: Method=GET    absolutePath=/api/v1/networks/vpcs/:vpc_id --> handlerName=github.com/kubercloud/ani/services/ani-gateway/internal/router.(*networkLifecycleAPI).getVPC-fm (num=2 handlers)
2026/09/10 16:29:02.499634 engine.go:668: [Debug] HERTZ: Method=DELETE absolutePath=/api/v1/networks/vpcs/:vpc_id --> handlerName=github.com/kubercloud/ani/services/ani-gateway/internal/router.(*networkLifecycleAPI).deleteVPC-fm (num=2 handlers)
2026/09/10 16:29:02.499638 engine.go:668: [Debug] HERTZ: Method=POST   absolutePath=/api/v1/networks/subnets  --> handlerName=github.com/kubercloud/ani/services/ani-gateway/internal/router.(*networkLifecycleAPI).createSubnet-fm (num=2 handlers)
2026/09/10 16:29:02.499642 engine.go:668: [Debug] HERTZ: Method=GET    absolutePath=/api/v1/networks/subnets  --> handlerName=github.com/kubercloud/ani/services/ani-gateway/internal/router.(*networkLifecycleAPI).listSubnets-fm (num=2 handlers)
2026/09/10 16:29:02.499652 engine.go:668: [Debug] HERTZ: Method=GET    absolutePath=/api/v1/networks/subnets/:subnet_id --> handlerName=github.com/kubercloud/ani/services/ani-gateway/internal/router.(*networkLifecycleAPI).getSubnet-fm (num=2 handlers)
2026/09/10 16:29:02.499656 engine.go:668: [Debug] HERTZ: Method=DELETE absolutePath=/api/v1/networks/subnets/:subnet_id --> handlerName=github.com/kubercloud/ani/services/ani-gateway/internal/router.(*networkLifecycleAPI).deleteSubnet-fm (num=2 handlers)
2026/09/10 16:29:02.499660 engine.go:668: [Debug] HERTZ: Method=GET    absolutePath=/api/v1/networks/operations/:operation_id --> handlerName=github.com/kubercloud/ani/services/ani-gateway/internal/router.(*networkLifecycleAPI).getOperation-fm (num=2 handlers)
=== RUN   TestNET05NetworkRoutesRejectInvalidTenantContextBeforeRPC/missing-context/POST/networks/subnets
2026/09/10 16:29:02.499732 engine.go:668: [Debug] HERTZ: Method=POST   absolutePath=/api/v1/networks/vpcs     --> handlerName=github.com/kubercloud/ani/services/ani-gateway/internal/router.(*networkLifecycleAPI).createVPC-fm (num=2 handlers)
2026/09/10 16:29:02.499741 engine.go:668: [Debug] HERTZ: Method=GET    absolutePath=/api/v1/networks/vpcs     --> handlerName=github.com/kubercloud/ani/services/ani-gateway/internal/router.(*networkLifecycleAPI).listVPCs-fm (num=2 handlers)
2026/09/10 16:29:02.499746 engine.go:668: [Debug] HERTZ: Method=GET    absolutePath=/api/v1/networks/vpcs/:vpc_id --> handlerName=github.com/kubercloud/ani/services/ani-gateway/internal/router.(*networkLifecycleAPI).getVPC-fm (num=2 handlers)
2026/09/10 16:29:02.499755 engine.go:668: [Debug] HERTZ: Method=DELETE absolutePath=/api/v1/networks/vpcs/:vpc_id --> handlerName=github.com/kubercloud/ani/services/ani-gateway/internal/router.(*networkLifecycleAPI).deleteVPC-fm (num=2 handlers)
2026/09/10 16:29:02.499766 engine.go:668: [Debug] HERTZ: Method=POST   absolutePath=/api/v1/networks/subnets  --> handlerName=github.com/kubercloud/ani/services/ani-gateway/internal/router.(*networkLifecycleAPI).createSubnet-fm (num=2 handlers)
2026/09/10 16:29:02.499773 engine.go:668: [Debug] HERTZ: Method=GET    absolutePath=/api/v1/networks/subnets  --> handlerName=github.com/kubercloud/ani/services/ani-gateway/internal/router.(*networkLifecycleAPI).listSubnets-fm (num=2 handlers)
2026/09/10 16:29:02.499778 engine.go:668: [Debug] HERTZ: Method=GET    absolutePath=/api/v1/networks/subnets/:subnet_id --> handlerName=github.com/kubercloud/ani/services/ani-gateway/internal/router.(*networkLifecycleAPI).getSubnet-fm (num=2 handlers)
2026/09/10 16:29:02.499788 engine.go:668: [Debug] HERTZ: Method=DELETE absolutePath=/api/v1/networks/subnets/:subnet_id --> handlerName=github.com/kubercloud/ani/services/ani-gateway/internal/router.(*networkLifecycleAPI).deleteSubnet-fm (num=2 handlers)
2026/09/10 16:29:02.499796 engine.go:668: [Debug] HERTZ: Method=GET    absolutePath=/api/v1/networks/operations/:operation_id --> handlerName=github.com/kubercloud/ani/services/ani-gateway/internal/router.(*networkLifecycleAPI).getOperation-fm (num=2 handlers)
=== RUN   TestNET05NetworkRoutesRejectInvalidTenantContextBeforeRPC/missing-context/GET/networks/subnets
2026/09/10 16:29:02.499885 engine.go:668: [Debug] HERTZ: Method=POST   absolutePath=/api/v1/networks/vpcs     --> handlerName=github.com/kubercloud/ani/services/ani-gateway/internal/router.(*networkLifecycleAPI).createVPC-fm (num=2 handlers)
2026/09/10 16:29:02.499895 engine.go:668: [Debug] HERTZ: Method=GET    absolutePath=/api/v1/networks/vpcs     --> handlerName=github.com/kubercloud/ani/services/ani-gateway/internal/router.(*networkLifecycleAPI).listVPCs-fm (num=2 handlers)
2026/09/10 16:29:02.499900 engine.go:668: [Debug] HERTZ: Method=GET    absolutePath=/api/v1/networks/vpcs/:vpc_id --> handlerName=github.com/kubercloud/ani/services/ani-gateway/internal/router.(*networkLifecycleAPI).getVPC-fm (num=2 handlers)
2026/09/10 16:29:02.499904 engine.go:668: [Debug] HERTZ: Method=DELETE absolutePath=/api/v1/networks/vpcs/:vpc_id --> handlerName=github.com/kubercloud/ani/services/ani-gateway/internal/router.(*networkLifecycleAPI).deleteVPC-fm (num=2 handlers)
2026/09/10 16:29:02.499908 engine.go:668: [Debug] HERTZ: Method=POST   absolutePath=/api/v1/networks/subnets  --> handlerName=github.com/kubercloud/ani/services/ani-gateway/internal/router.(*networkLifecycleAPI).createSubnet-fm (num=2 handlers)
2026/09/10 16:29:02.499912 engine.go:668: [Debug] HERTZ: Method=GET    absolutePath=/api/v1/networks/subnets  --> handlerName=github.com/kubercloud/ani/services/ani-gateway/internal/router.(*networkLifecycleAPI).listSubnets-fm (num=2 handlers)
2026/09/10 16:29:02.499921 engine.go:668: [Debug] HERTZ: Method=GET    absolutePath=/api/v1/networks/subnets/:subnet_id --> handlerName=github.com/kubercloud/ani/services/ani-gateway/internal/router.(*networkLifecycleAPI).getSubnet-fm (num=2 handlers)
2026/09/10 16:29:02.499943 engine.go:668: [Debug] HERTZ: Method=DELETE absolutePath=/api/v1/networks/subnets/:subnet_id --> handlerName=github.com/kubercloud/ani/services/ani-gateway/internal/router.(*networkLifecycleAPI).deleteSubnet-fm (num=2 handlers)
2026/09/10 16:29:02.499947 engine.go:668: [Debug] HERTZ: Method=GET    absolutePath=/api/v1/networks/operations/:operation_id --> handlerName=github.com/kubercloud/ani/services/ani-gateway/internal/router.(*networkLifecycleAPI).getOperation-fm (num=2 handlers)
=== RUN   TestNET05NetworkRoutesRejectInvalidTenantContextBeforeRPC/missing-context/GET/networks/subnets/subnet_00000000000000000000000000000001
2026/09/10 16:29:02.500023 engine.go:668: [Debug] HERTZ: Method=POST   absolutePath=/api/v1/networks/vpcs     --> handlerName=github.com/kubercloud/ani/services/ani-gateway/internal/router.(*networkLifecycleAPI).createVPC-fm (num=2 handlers)
2026/09/10 16:29:02.500032 engine.go:668: [Debug] HERTZ: Method=GET    absolutePath=/api/v1/networks/vpcs     --> handlerName=github.com/kubercloud/ani/services/ani-gateway/internal/router.(*networkLifecycleAPI).listVPCs-fm (num=2 handlers)
2026/09/10 16:29:02.500036 engine.go:668: [Debug] HERTZ: Method=GET    absolutePath=/api/v1/networks/vpcs/:vpc_id --> handlerName=github.com/kubercloud/ani/services/ani-gateway/internal/router.(*networkLifecycleAPI).getVPC-fm (num=2 handlers)
2026/09/10 16:29:02.500045 engine.go:668: [Debug] HERTZ: Method=DELETE absolutePath=/api/v1/networks/vpcs/:vpc_id --> handlerName=github.com/kubercloud/ani/services/ani-gateway/internal/router.(*networkLifecycleAPI).deleteVPC-fm (num=2 handlers)
2026/09/10 16:29:02.500055 engine.go:668: [Debug] HERTZ: Method=POST   absolutePath=/api/v1/networks/subnets  --> handlerName=github.com/kubercloud/ani/services/ani-gateway/internal/router.(*networkLifecycleAPI).createSubnet-fm (num=2 handlers)
2026/09/10 16:29:02.500066 engine.go:668: [Debug] HERTZ: Method=GET    absolutePath=/api/v1/networks/subnets  --> handlerName=github.com/kubercloud/ani/services/ani-gateway/internal/router.(*networkLifecycleAPI).listSubnets-fm (num=2 handlers)
2026/09/10 16:29:02.500071 engine.go:668: [Debug] HERTZ: Method=GET    absolutePath=/api/v1/networks/subnets/:subnet_id --> handlerName=github.com/kubercloud/ani/services/ani-gateway/internal/router.(*networkLifecycleAPI).getSubnet-fm (num=2 handlers)
2026/09/10 16:29:02.500076 engine.go:668: [Debug] HERTZ: Method=DELETE absolutePath=/api/v1/networks/subnets/:subnet_id --> handlerName=github.com/kubercloud/ani/services/ani-gateway/internal/router.(*networkLifecycleAPI).deleteSubnet-fm (num=2 handlers)
2026/09/10 16:29:02.500080 engine.go:668: [Debug] HERTZ: Method=GET    absolutePath=/api/v1/networks/operations/:operation_id --> handlerName=github.com/kubercloud/ani/services/ani-gateway/internal/router.(*networkLifecycleAPI).getOperation-fm (num=2 handlers)
=== RUN   TestNET05NetworkRoutesRejectInvalidTenantContextBeforeRPC/missing-context/DELETE/networks/subnets/subnet_00000000000000000000000000000001
2026/09/10 16:29:02.500167 engine.go:668: [Debug] HERTZ: Method=POST   absolutePath=/api/v1/networks/vpcs     --> handlerName=github.com/kubercloud/ani/services/ani-gateway/internal/router.(*networkLifecycleAPI).createVPC-fm (num=2 handlers)
2026/09/10 16:29:02.500183 engine.go:668: [Debug] HERTZ: Method=GET    absolutePath=/api/v1/networks/vpcs     --> handlerName=github.com/kubercloud/ani/services/ani-gateway/internal/router.(*networkLifecycleAPI).listVPCs-fm (num=2 handlers)
2026/09/10 16:29:02.500187 engine.go:668: [Debug] HERTZ: Method=GET    absolutePath=/api/v1/networks/vpcs/:vpc_id --> handlerName=github.com/kubercloud/ani/services/ani-gateway/internal/router.(*networkLifecycleAPI).getVPC-fm (num=2 handlers)
2026/09/10 16:29:02.500191 engine.go:668: [Debug] HERTZ: Method=DELETE absolutePath=/api/v1/networks/vpcs/:vpc_id --> handlerName=github.com/kubercloud/ani/services/ani-gateway/internal/router.(*networkLifecycleAPI).deleteVPC-fm (num=2 handlers)
2026/09/10 16:29:02.500195 engine.go:668: [Debug] HERTZ: Method=POST   absolutePath=/api/v1/networks/subnets  --> handlerName=github.com/kubercloud/ani/services/ani-gateway/internal/router.(*networkLifecycleAPI).createSubnet-fm (num=2 handlers)
2026/09/10 16:29:02.500205 engine.go:668: [Debug] HERTZ: Method=GET    absolutePath=/api/v1/networks/subnets  --> handlerName=github.com/kubercloud/ani/services/ani-gateway/internal/router.(*networkLifecycleAPI).listSubnets-fm (num=2 handlers)
2026/09/10 16:29:02.500213 engine.go:668: [Debug] HERTZ: Method=GET    absolutePath=/api/v1/networks/subnets/:subnet_id --> handlerName=github.com/kubercloud/ani/services/ani-gateway/internal/router.(*networkLifecycleAPI).getSubnet-fm (num=2 handlers)
2026/09/10 16:29:02.500218 engine.go:668: [Debug] HERTZ: Method=DELETE absolutePath=/api/v1/networks/subnets/:subnet_id --> handlerName=github.com/kubercloud/ani/services/ani-gateway/internal/router.(*networkLifecycleAPI).deleteSubnet-fm (num=2 handlers)
2026/09/10 16:29:02.500223 engine.go:668: [Debug] HERTZ: Method=GET    absolutePath=/api/v1/networks/operations/:operation_id --> handlerName=github.com/kubercloud/ani/services/ani-gateway/internal/router.(*networkLifecycleAPI).getOperation-fm (num=2 handlers)
=== RUN   TestNET05NetworkRoutesRejectInvalidTenantContextBeforeRPC/missing-context/GET/networks/operations/00000000-0000-4000-8000-000000000001
2026/09/10 16:29:02.500297 engine.go:668: [Debug] HERTZ: Method=POST   absolutePath=/api/v1/networks/vpcs     --> handlerName=github.com/kubercloud/ani/services/ani-gateway/internal/router.(*networkLifecycleAPI).createVPC-fm (num=2 handlers)
2026/09/10 16:29:02.500306 engine.go:668: [Debug] HERTZ: Method=GET    absolutePath=/api/v1/networks/vpcs     --> handlerName=github.com/kubercloud/ani/services/ani-gateway/internal/router.(*networkLifecycleAPI).listVPCs-fm (num=2 handlers)
2026/09/10 16:29:02.500311 engine.go:668: [Debug] HERTZ: Method=GET    absolutePath=/api/v1/networks/vpcs/:vpc_id --> handlerName=github.com/kubercloud/ani/services/ani-gateway/internal/router.(*networkLifecycleAPI).getVPC-fm (num=2 handlers)
2026/09/10 16:29:02.500318 engine.go:668: [Debug] HERTZ: Method=DELETE absolutePath=/api/v1/networks/vpcs/:vpc_id --> handlerName=github.com/kubercloud/ani/services/ani-gateway/internal/router.(*networkLifecycleAPI).deleteVPC-fm (num=2 handlers)
2026/09/10 16:29:02.500322 engine.go:668: [Debug] HERTZ: Method=POST   absolutePath=/api/v1/networks/subnets  --> handlerName=github.com/kubercloud/ani/services/ani-gateway/internal/router.(*networkLifecycleAPI).createSubnet-fm (num=2 handlers)
2026/09/10 16:29:02.500331 engine.go:668: [Debug] HERTZ: Method=GET    absolutePath=/api/v1/networks/subnets  --> handlerName=github.com/kubercloud/ani/services/ani-gateway/internal/router.(*networkLifecycleAPI).listSubnets-fm (num=2 handlers)
2026/09/10 16:29:02.500334 engine.go:668: [Debug] HERTZ: Method=GET    absolutePath=/api/v1/networks/subnets/:subnet_id --> handlerName=github.com/kubercloud/ani/services/ani-gateway/internal/router.(*networkLifecycleAPI).getSubnet-fm (num=2 handlers)
2026/09/10 16:29:02.500338 engine.go:668: [Debug] HERTZ: Method=DELETE absolutePath=/api/v1/networks/subnets/:subnet_id --> handlerName=github.com/kubercloud/ani/services/ani-gateway/internal/router.(*networkLifecycleAPI).deleteSubnet-fm (num=2 handlers)
2026/09/10 16:29:02.500345 engine.go:668: [Debug] HERTZ: Method=GET    absolutePath=/api/v1/networks/operations/:operation_id --> handlerName=github.com/kubercloud/ani/services/ani-gateway/internal/router.(*networkLifecycleAPI).getOperation-fm (num=2 handlers)
=== RUN   TestNET05NetworkRoutesRejectInvalidTenantContextBeforeRPC/inconsistent/POST/networks/vpcs
2026/09/10 16:29:02.500410 engine.go:668: [Debug] HERTZ: Method=POST   absolutePath=/api/v1/networks/vpcs     --> handlerName=github.com/kubercloud/ani/services/ani-gateway/internal/router.(*networkLifecycleAPI).createVPC-fm (num=2 handlers)
2026/09/10 16:29:02.500419 engine.go:668: [Debug] HERTZ: Method=GET    absolutePath=/api/v1/networks/vpcs     --> handlerName=github.com/kubercloud/ani/services/ani-gateway/internal/router.(*networkLifecycleAPI).listVPCs-fm (num=2 handlers)
2026/09/10 16:29:02.500423 engine.go:668: [Debug] HERTZ: Method=GET    absolutePath=/api/v1/networks/vpcs/:vpc_id --> handlerName=github.com/kubercloud/ani/services/ani-gateway/internal/router.(*networkLifecycleAPI).getVPC-fm (num=2 handlers)
2026/09/10 16:29:02.500432 engine.go:668: [Debug] HERTZ: Method=DELETE absolutePath=/api/v1/networks/vpcs/:vpc_id --> handlerName=github.com/kubercloud/ani/services/ani-gateway/internal/router.(*networkLifecycleAPI).deleteVPC-fm (num=2 handlers)
2026/09/10 16:29:02.500437 engine.go:668: [Debug] HERTZ: Method=POST   absolutePath=/api/v1/networks/subnets  --> handlerName=github.com/kubercloud/ani/services/ani-gateway/internal/router.(*networkLifecycleAPI).createSubnet-fm (num=2 handlers)
2026/09/10 16:29:02.500441 engine.go:668: [Debug] HERTZ: Method=GET    absolutePath=/api/v1/networks/subnets  --> handlerName=github.com/kubercloud/ani/services/ani-gateway/internal/router.(*networkLifecycleAPI).listSubnets-fm (num=2 handlers)
2026/09/10 16:29:02.500451 engine.go:668: [Debug] HERTZ: Method=GET    absolutePath=/api/v1/networks/subnets/:subnet_id --> handlerName=github.com/kubercloud/ani/services/ani-gateway/internal/router.(*networkLifecycleAPI).getSubnet-fm (num=2 handlers)
2026/09/10 16:29:02.500459 engine.go:668: [Debug] HERTZ: Method=DELETE absolutePath=/api/v1/networks/subnets/:subnet_id --> handlerName=github.com/kubercloud/ani/services/ani-gateway/internal/router.(*networkLifecycleAPI).deleteSubnet-fm (num=2 handlers)
2026/09/10 16:29:02.500468 engine.go:668: [Debug] HERTZ: Method=GET    absolutePath=/api/v1/networks/operations/:operation_id --> handlerName=github.com/kubercloud/ani/services/ani-gateway/internal/router.(*networkLifecycleAPI).getOperation-fm (num=2 handlers)
=== RUN   TestNET05NetworkRoutesRejectInvalidTenantContextBeforeRPC/inconsistent/GET/networks/vpcs
2026/09/10 16:29:02.500590 engine.go:668: [Debug] HERTZ: Method=POST   absolutePath=/api/v1/networks/vpcs     --> handlerName=github.com/kubercloud/ani/services/ani-gateway/internal/router.(*networkLifecycleAPI).createVPC-fm (num=2 handlers)
2026/09/10 16:29:02.500843 engine.go:668: [Debug] HERTZ: Method=GET    absolutePath=/api/v1/networks/vpcs     --> handlerName=github.com/kubercloud/ani/services/ani-gateway/internal/router.(*networkLifecycleAPI).listVPCs-fm (num=2 handlers)
2026/09/10 16:29:02.500874 engine.go:668: [Debug] HERTZ: Method=GET    absolutePath=/api/v1/networks/vpcs/:vpc_id --> handlerName=github.com/kubercloud/ani/services/ani-gateway/internal/router.(*networkLifecycleAPI).getVPC-fm (num=2 handlers)
2026/09/10 16:29:02.500888 engine.go:668: [Debug] HERTZ: Method=DELETE absolutePath=/api/v1/networks/vpcs/:vpc_id --> handlerName=github.com/kubercloud/ani/services/ani-gateway/internal/router.(*networkLifecycleAPI).deleteVPC-fm (num=2 handlers)
2026/09/10 16:29:02.500909 engine.go:668: [Debug] HERTZ: Method=POST   absolutePath=/api/v1/networks/subnets  --> handlerName=github.com/kubercloud/ani/services/ani-gateway/internal/router.(*networkLifecycleAPI).createSubnet-fm (num=2 handlers)
2026/09/10 16:29:02.500918 engine.go:668: [Debug] HERTZ: Method=GET    absolutePath=/api/v1/networks/subnets  --> handlerName=github.com/kubercloud/ani/services/ani-gateway/internal/router.(*networkLifecycleAPI).listSubnets-fm (num=2 handlers)
2026/09/10 16:29:02.500965 engine.go:668: [Debug] HERTZ: Method=GET    absolutePath=/api/v1/networks/subnets/:subnet_id --> handlerName=github.com/kubercloud/ani/services/ani-gateway/internal/router.(*networkLifecycleAPI).getSubnet-fm (num=2 handlers)
2026/09/10 16:29:02.500979 engine.go:668: [Debug] HERTZ: Method=DELETE absolutePath=/api/v1/networks/subnets/:subnet_id --> handlerName=github.com/kubercloud/ani/services/ani-gateway/internal/router.(*networkLifecycleAPI).deleteSubnet-fm (num=2 handlers)
2026/09/10 16:29:02.500988 engine.go:668: [Debug] HERTZ: Method=GET    absolutePath=/api/v1/networks/operations/:operation_id --> handlerName=github.com/kubercloud/ani/services/ani-gateway/internal/router.(*networkLifecycleAPI).getOperation-fm (num=2 handlers)
=== RUN   TestNET05NetworkRoutesRejectInvalidTenantContextBeforeRPC/inconsistent/GET/networks/vpcs/vpc_00000000000000000000000000000001
2026/09/10 16:29:02.501404 engine.go:668: [Debug] HERTZ: Method=POST   absolutePath=/api/v1/networks/vpcs     --> handlerName=github.com/kubercloud/ani/services/ani-gateway/internal/router.(*networkLifecycleAPI).createVPC-fm (num=2 handlers)
2026/09/10 16:29:02.501419 engine.go:668: [Debug] HERTZ: Method=GET    absolutePath=/api/v1/networks/vpcs     --> handlerName=github.com/kubercloud/ani/services/ani-gateway/internal/router.(*networkLifecycleAPI).listVPCs-fm (num=2 handlers)
2026/09/10 16:29:02.501431 engine.go:668: [Debug] HERTZ: Method=GET    absolutePath=/api/v1/networks/vpcs/:vpc_id --> handlerName=github.com/kubercloud/ani/services/ani-gateway/internal/router.(*networkLifecycleAPI).getVPC-fm (num=2 handlers)
2026/09/10 16:29:02.501440 engine.go:668: [Debug] HERTZ: Method=DELETE absolutePath=/api/v1/networks/vpcs/:vpc_id --> handlerName=github.com/kubercloud/ani/services/ani-gateway/internal/router.(*networkLifecycleAPI).deleteVPC-fm (num=2 handlers)
2026/09/10 16:29:02.501449 engine.go:668: [Debug] HERTZ: Method=POST   absolutePath=/api/v1/networks/subnets  --> handlerName=github.com/kubercloud/ani/services/ani-gateway/internal/router.(*networkLifecycleAPI).createSubnet-fm (num=2 handlers)
2026/09/10 16:29:02.501457 engine.go:668: [Debug] HERTZ: Method=GET    absolutePath=/api/v1/networks/subnets  --> handlerName=github.com/kubercloud/ani/services/ani-gateway/internal/router.(*networkLifecycleAPI).listSubnets-fm (num=2 handlers)
2026/09/10 16:29:02.501463 engine.go:668: [Debug] HERTZ: Method=GET    absolutePath=/api/v1/networks/subnets/:subnet_id --> handlerName=github.com/kubercloud/ani/services/ani-gateway/internal/router.(*networkLifecycleAPI).getSubnet-fm (num=2 handlers)
2026/09/10 16:29:02.501474 engine.go:668: [Debug] HERTZ: Method=DELETE absolutePath=/api/v1/networks/subnets/:subnet_id --> handlerName=github.com/kubercloud/ani/services/ani-gateway/internal/router.(*networkLifecycleAPI).deleteSubnet-fm (num=2 handlers)
2026/09/10 16:29:02.501481 engine.go:668: [Debug] HERTZ: Method=GET    absolutePath=/api/v1/networks/operations/:operation_id --> handlerName=github.com/kubercloud/ani/services/ani-gateway/internal/router.(*networkLifecycleAPI).getOperation-fm (num=2 handlers)
=== RUN   TestNET05NetworkRoutesRejectInvalidTenantContextBeforeRPC/inconsistent/DELETE/networks/vpcs/vpc_00000000000000000000000000000001
2026/09/10 16:29:02.501776 engine.go:668: [Debug] HERTZ: Method=POST   absolutePath=/api/v1/networks/vpcs     --> handlerName=github.com/kubercloud/ani/services/ani-gateway/internal/router.(*networkLifecycleAPI).createVPC-fm (num=2 handlers)
2026/09/10 16:29:02.501789 engine.go:668: [Debug] HERTZ: Method=GET    absolutePath=/api/v1/networks/vpcs     --> handlerName=github.com/kubercloud/ani/services/ani-gateway/internal/router.(*networkLifecycleAPI).listVPCs-fm (num=2 handlers)
2026/09/10 16:29:02.501794 engine.go:668: [Debug] HERTZ: Method=GET    absolutePath=/api/v1/networks/vpcs/:vpc_id --> handlerName=github.com/kubercloud/ani/services/ani-gateway/internal/router.(*networkLifecycleAPI).getVPC-fm (num=2 handlers)
2026/09/10 16:29:02.501799 engine.go:668: [Debug] HERTZ: Method=DELETE absolutePath=/api/v1/networks/vpcs/:vpc_id --> handlerName=github.com/kubercloud/ani/services/ani-gateway/internal/router.(*networkLifecycleAPI).deleteVPC-fm (num=2 handlers)
2026/09/10 16:29:02.501846 engine.go:668: [Debug] HERTZ: Method=POST   absolutePath=/api/v1/networks/subnets  --> handlerName=github.com/kubercloud/ani/services/ani-gateway/internal/router.(*networkLifecycleAPI).createSubnet-fm (num=2 handlers)
2026/09/10 16:29:02.501855 engine.go:668: [Debug] HERTZ: Method=GET    absolutePath=/api/v1/networks/subnets  --> handlerName=github.com/kubercloud/ani/services/ani-gateway/internal/router.(*networkLifecycleAPI).listSubnets-fm (num=2 handlers)
2026/09/10 16:29:02.501860 engine.go:668: [Debug] HERTZ: Method=GET    absolutePath=/api/v1/networks/subnets/:subnet_id --> handlerName=github.com/kubercloud/ani/services/ani-gateway/internal/router.(*networkLifecycleAPI).getSubnet-fm (num=2 handlers)
2026/09/10 16:29:02.501870 engine.go:668: [Debug] HERTZ: Method=DELETE absolutePath=/api/v1/networks/subnets/:subnet_id --> handlerName=github.com/kubercloud/ani/services/ani-gateway/internal/router.(*networkLifecycleAPI).deleteSubnet-fm (num=2 handlers)
2026/09/10 16:29:02.501878 engine.go:668: [Debug] HERTZ: Method=GET    absolutePath=/api/v1/networks/operations/:operation_id --> handlerName=github.com/kubercloud/ani/services/ani-gateway/internal/router.(*networkLifecycleAPI).getOperation-fm (num=2 handlers)
=== RUN   TestNET05NetworkRoutesRejectInvalidTenantContextBeforeRPC/inconsistent/POST/networks/subnets
2026/09/10 16:29:02.502184 engine.go:668: [Debug] HERTZ: Method=POST   absolutePath=/api/v1/networks/vpcs     --> handlerName=github.com/kubercloud/ani/services/ani-gateway/internal/router.(*networkLifecycleAPI).createVPC-fm (num=2 handlers)
2026/09/10 16:29:02.502201 engine.go:668: [Debug] HERTZ: Method=GET    absolutePath=/api/v1/networks/vpcs     --> handlerName=github.com/kubercloud/ani/services/ani-gateway/internal/router.(*networkLifecycleAPI).listVPCs-fm (num=2 handlers)
2026/09/10 16:29:02.502206 engine.go:668: [Debug] HERTZ: Method=GET    absolutePath=/api/v1/networks/vpcs/:vpc_id --> handlerName=github.com/kubercloud/ani/services/ani-gateway/internal/router.(*networkLifecycleAPI).getVPC-fm (num=2 handlers)
2026/09/10 16:29:02.502212 engine.go:668: [Debug] HERTZ: Method=DELETE absolutePath=/api/v1/networks/vpcs/:vpc_id --> handlerName=github.com/kubercloud/ani/services/ani-gateway/internal/router.(*networkLifecycleAPI).deleteVPC-fm (num=2 handlers)
2026/09/10 16:29:02.502225 engine.go:668: [Debug] HERTZ: Method=POST   absolutePath=/api/v1/networks/subnets  --> handlerName=github.com/kubercloud/ani/services/ani-gateway/internal/router.(*networkLifecycleAPI).createSubnet-fm (num=2 handlers)
2026/09/10 16:29:02.502235 engine.go:668: [Debug] HERTZ: Method=GET    absolutePath=/api/v1/networks/subnets  --> handlerName=github.com/kubercloud/ani/services/ani-gateway/internal/router.(*networkLifecycleAPI).listSubnets-fm (num=2 handlers)
2026/09/10 16:29:02.502253 engine.go:668: [Debug] HERTZ: Method=GET    absolutePath=/api/v1/networks/subnets/:subnet_id --> handlerName=github.com/kubercloud/ani/services/ani-gateway/internal/router.(*networkLifecycleAPI).getSubnet-fm (num=2 handlers)
2026/09/10 16:29:02.502264 engine.go:668: [Debug] HERTZ: Method=DELETE absolutePath=/api/v1/networks/subnets/:subnet_id --> handlerName=github.com/kubercloud/ani/services/ani-gateway/internal/router.(*networkLifecycleAPI).deleteSubnet-fm (num=2 handlers)
2026/09/10 16:29:02.502272 engine.go:668: [Debug] HERTZ: Method=GET    absolutePath=/api/v1/networks/operations/:operation_id --> handlerName=github.com/kubercloud/ani/services/ani-gateway/internal/router.(*networkLifecycleAPI).getOperation-fm (num=2 handlers)
=== RUN   TestNET05NetworkRoutesRejectInvalidTenantContextBeforeRPC/inconsistent/GET/networks/subnets
2026/09/10 16:29:02.502406 engine.go:668: [Debug] HERTZ: Method=POST   absolutePath=/api/v1/networks/vpcs     --> handlerName=github.com/kubercloud/ani/services/ani-gateway/internal/router.(*networkLifecycleAPI).createVPC-fm (num=2 handlers)
2026/09/10 16:29:02.502416 engine.go:668: [Debug] HERTZ: Method=GET    absolutePath=/api/v1/networks/vpcs     --> handlerName=github.com/kubercloud/ani/services/ani-gateway/internal/router.(*networkLifecycleAPI).listVPCs-fm (num=2 handlers)
2026/09/10 16:29:02.502421 engine.go:668: [Debug] HERTZ: Method=GET    absolutePath=/api/v1/networks/vpcs/:vpc_id --> handlerName=github.com/kubercloud/ani/services/ani-gateway/internal/router.(*networkLifecycleAPI).getVPC-fm (num=2 handlers)
2026/09/10 16:29:02.502426 engine.go:668: [Debug] HERTZ: Method=DELETE absolutePath=/api/v1/networks/vpcs/:vpc_id --> handlerName=github.com/kubercloud/ani/services/ani-gateway/internal/router.(*networkLifecycleAPI).deleteVPC-fm (num=2 handlers)
2026/09/10 16:29:02.502436 engine.go:668: [Debug] HERTZ: Method=POST   absolutePath=/api/v1/networks/subnets  --> handlerName=github.com/kubercloud/ani/services/ani-gateway/internal/router.(*networkLifecycleAPI).createSubnet-fm (num=2 handlers)
2026/09/10 16:29:02.502445 engine.go:668: [Debug] HERTZ: Method=GET    absolutePath=/api/v1/networks/subnets  --> handlerName=github.com/kubercloud/ani/services/ani-gateway/internal/router.(*networkLifecycleAPI).listSubnets-fm (num=2 handlers)
2026/09/10 16:29:02.502451 engine.go:668: [Debug] HERTZ: Method=GET    absolutePath=/api/v1/networks/subnets/:subnet_id --> handlerName=github.com/kubercloud/ani/services/ani-gateway/internal/router.(*networkLifecycleAPI).getSubnet-fm (num=2 handlers)
2026/09/10 16:29:02.502459 engine.go:668: [Debug] HERTZ: Method=DELETE absolutePath=/api/v1/networks/subnets/:subnet_id --> handlerName=github.com/kubercloud/ani/services/ani-gateway/internal/router.(*networkLifecycleAPI).deleteSubnet-fm (num=2 handlers)
2026/09/10 16:29:02.502480 engine.go:668: [Debug] HERTZ: Method=GET    absolutePath=/api/v1/networks/operations/:operation_id --> handlerName=github.com/kubercloud/ani/services/ani-gateway/internal/router.(*networkLifecycleAPI).getOperation-fm (num=2 handlers)
=== RUN   TestNET05NetworkRoutesRejectInvalidTenantContextBeforeRPC/inconsistent/GET/networks/subnets/subnet_00000000000000000000000000000001
2026/09/10 16:29:02.502867 engine.go:668: [Debug] HERTZ: Method=POST   absolutePath=/api/v1/networks/vpcs     --> handlerName=github.com/kubercloud/ani/services/ani-gateway/internal/router.(*networkLifecycleAPI).createVPC-fm (num=2 handlers)
2026/09/10 16:29:02.502897 engine.go:668: [Debug] HERTZ: Method=GET    absolutePath=/api/v1/networks/vpcs     --> handlerName=github.com/kubercloud/ani/services/ani-gateway/internal/router.(*networkLifecycleAPI).listVPCs-fm (num=2 handlers)
2026/09/10 16:29:02.502902 engine.go:668: [Debug] HERTZ: Method=GET    absolutePath=/api/v1/networks/vpcs/:vpc_id --> handlerName=github.com/kubercloud/ani/services/ani-gateway/internal/router.(*networkLifecycleAPI).getVPC-fm (num=2 handlers)
2026/09/10 16:29:02.502907 engine.go:668: [Debug] HERTZ: Method=DELETE absolutePath=/api/v1/networks/vpcs/:vpc_id --> handlerName=github.com/kubercloud/ani/services/ani-gateway/internal/router.(*networkLifecycleAPI).deleteVPC-fm (num=2 handlers)
2026/09/10 16:29:02.502916 engine.go:668: [Debug] HERTZ: Method=POST   absolutePath=/api/v1/networks/subnets  --> handlerName=github.com/kubercloud/ani/services/ani-gateway/internal/router.(*networkLifecycleAPI).createSubnet-fm (num=2 handlers)
2026/09/10 16:29:02.502924 engine.go:668: [Debug] HERTZ: Method=GET    absolutePath=/api/v1/networks/subnets  --> handlerName=github.com/kubercloud/ani/services/ani-gateway/internal/router.(*networkLifecycleAPI).listSubnets-fm (num=2 handlers)
2026/09/10 16:29:02.502936 engine.go:668: [Debug] HERTZ: Method=GET    absolutePath=/api/v1/networks/subnets/:subnet_id --> handlerName=github.com/kubercloud/ani/services/ani-gateway/internal/router.(*networkLifecycleAPI).getSubnet-fm (num=2 handlers)
2026/09/10 16:29:02.502945 engine.go:668: [Debug] HERTZ: Method=DELETE absolutePath=/api/v1/networks/subnets/:subnet_id --> handlerName=github.com/kubercloud/ani/services/ani-gateway/internal/router.(*networkLifecycleAPI).deleteSubnet-fm (num=2 handlers)
2026/09/10 16:29:02.502954 engine.go:668: [Debug] HERTZ: Method=GET    absolutePath=/api/v1/networks/operations/:operation_id --> handlerName=github.com/kubercloud/ani/services/ani-gateway/internal/router.(*networkLifecycleAPI).getOperation-fm (num=2 handlers)
=== RUN   TestNET05NetworkRoutesRejectInvalidTenantContextBeforeRPC/inconsistent/DELETE/networks/subnets/subnet_00000000000000000000000000000001
2026/09/10 16:29:02.503083 engine.go:668: [Debug] HERTZ: Method=POST   absolutePath=/api/v1/networks/vpcs     --> handlerName=github.com/kubercloud/ani/services/ani-gateway/internal/router.(*networkLifecycleAPI).createVPC-fm (num=2 handlers)
2026/09/10 16:29:02.503108 engine.go:668: [Debug] HERTZ: Method=GET    absolutePath=/api/v1/networks/vpcs     --> handlerName=github.com/kubercloud/ani/services/ani-gateway/internal/router.(*networkLifecycleAPI).listVPCs-fm (num=2 handlers)
2026/09/10 16:29:02.503117 engine.go:668: [Debug] HERTZ: Method=GET    absolutePath=/api/v1/networks/vpcs/:vpc_id --> handlerName=github.com/kubercloud/ani/services/ani-gateway/internal/router.(*networkLifecycleAPI).getVPC-fm (num=2 handlers)
2026/09/10 16:29:02.503122 engine.go:668: [Debug] HERTZ: Method=DELETE absolutePath=/api/v1/networks/vpcs/:vpc_id --> handlerName=github.com/kubercloud/ani/services/ani-gateway/internal/router.(*networkLifecycleAPI).deleteVPC-fm (num=2 handlers)
2026/09/10 16:29:02.503135 engine.go:668: [Debug] HERTZ: Method=POST   absolutePath=/api/v1/networks/subnets  --> handlerName=github.com/kubercloud/ani/services/ani-gateway/internal/router.(*networkLifecycleAPI).createSubnet-fm (num=2 handlers)
2026/09/10 16:29:02.503145 engine.go:668: [Debug] HERTZ: Method=GET    absolutePath=/api/v1/networks/subnets  --> handlerName=github.com/kubercloud/ani/services/ani-gateway/internal/router.(*networkLifecycleAPI).listSubnets-fm (num=2 handlers)
2026/09/10 16:29:02.503152 engine.go:668: [Debug] HERTZ: Method=GET    absolutePath=/api/v1/networks/subnets/:subnet_id --> handlerName=github.com/kubercloud/ani/services/ani-gateway/internal/router.(*networkLifecycleAPI).getSubnet-fm (num=2 handlers)
2026/09/10 16:29:02.503168 engine.go:668: [Debug] HERTZ: Method=DELETE absolutePath=/api/v1/networks/subnets/:subnet_id --> handlerName=github.com/kubercloud/ani/services/ani-gateway/internal/router.(*networkLifecycleAPI).deleteSubnet-fm (num=2 handlers)
2026/09/10 16:29:02.503180 engine.go:668: [Debug] HERTZ: Method=GET    absolutePath=/api/v1/networks/operations/:operation_id --> handlerName=github.com/kubercloud/ani/services/ani-gateway/internal/router.(*networkLifecycleAPI).getOperation-fm (num=2 handlers)
=== RUN   TestNET05NetworkRoutesRejectInvalidTenantContextBeforeRPC/inconsistent/GET/networks/operations/00000000-0000-4000-8000-000000000001
2026/09/10 16:29:02.503288 engine.go:668: [Debug] HERTZ: Method=POST   absolutePath=/api/v1/networks/vpcs     --> handlerName=github.com/kubercloud/ani/services/ani-gateway/internal/router.(*networkLifecycleAPI).createVPC-fm (num=2 handlers)
2026/09/10 16:29:02.503309 engine.go:668: [Debug] HERTZ: Method=GET    absolutePath=/api/v1/networks/vpcs     --> handlerName=github.com/kubercloud/ani/services/ani-gateway/internal/router.(*networkLifecycleAPI).listVPCs-fm (num=2 handlers)
2026/09/10 16:29:02.503314 engine.go:668: [Debug] HERTZ: Method=GET    absolutePath=/api/v1/networks/vpcs/:vpc_id --> handlerName=github.com/kubercloud/ani/services/ani-gateway/internal/router.(*networkLifecycleAPI).getVPC-fm (num=2 handlers)
2026/09/10 16:29:02.503320 engine.go:668: [Debug] HERTZ: Method=DELETE absolutePath=/api/v1/networks/vpcs/:vpc_id --> handlerName=github.com/kubercloud/ani/services/ani-gateway/internal/router.(*networkLifecycleAPI).deleteVPC-fm (num=2 handlers)
2026/09/10 16:29:02.503326 engine.go:668: [Debug] HERTZ: Method=POST   absolutePath=/api/v1/networks/subnets  --> handlerName=github.com/kubercloud/ani/services/ani-gateway/internal/router.(*networkLifecycleAPI).createSubnet-fm (num=2 handlers)
2026/09/10 16:29:02.503335 engine.go:668: [Debug] HERTZ: Method=GET    absolutePath=/api/v1/networks/subnets  --> handlerName=github.com/kubercloud/ani/services/ani-gateway/internal/router.(*networkLifecycleAPI).listSubnets-fm (num=2 handlers)
2026/09/10 16:29:02.503341 engine.go:668: [Debug] HERTZ: Method=GET    absolutePath=/api/v1/networks/subnets/:subnet_id --> handlerName=github.com/kubercloud/ani/services/ani-gateway/internal/router.(*networkLifecycleAPI).getSubnet-fm (num=2 handlers)
2026/09/10 16:29:02.503350 engine.go:668: [Debug] HERTZ: Method=DELETE absolutePath=/api/v1/networks/subnets/:subnet_id --> handlerName=github.com/kubercloud/ani/services/ani-gateway/internal/router.(*networkLifecycleAPI).deleteSubnet-fm (num=2 handlers)
2026/09/10 16:29:02.503362 engine.go:668: [Debug] HERTZ: Method=GET    absolutePath=/api/v1/networks/operations/:operation_id --> handlerName=github.com/kubercloud/ani/services/ani-gateway/internal/router.(*networkLifecycleAPI).getOperation-fm (num=2 handlers)
--- PASS: TestNET05NetworkRoutesRejectInvalidTenantContextBeforeRPC (0.01s)
    --- PASS: TestNET05NetworkRoutesRejectInvalidTenantContextBeforeRPC/missing/POST/networks/vpcs (0.00s)
    --- PASS: TestNET05NetworkRoutesRejectInvalidTenantContextBeforeRPC/missing/GET/networks/vpcs (0.00s)
    --- PASS: TestNET05NetworkRoutesRejectInvalidTenantContextBeforeRPC/missing/GET/networks/vpcs/vpc_00000000000000000000000000000001 (0.00s)
    --- PASS: TestNET05NetworkRoutesRejectInvalidTenantContextBeforeRPC/missing/DELETE/networks/vpcs/vpc_00000000000000000000000000000001 (0.00s)
    --- PASS: TestNET05NetworkRoutesRejectInvalidTenantContextBeforeRPC/missing/POST/networks/subnets (0.00s)
    --- PASS: TestNET05NetworkRoutesRejectInvalidTenantContextBeforeRPC/missing/GET/networks/subnets (0.00s)
    --- PASS: TestNET05NetworkRoutesRejectInvalidTenantContextBeforeRPC/missing/GET/networks/subnets/subnet_00000000000000000000000000000001 (0.00s)
    --- PASS: TestNET05NetworkRoutesRejectInvalidTenantContextBeforeRPC/missing/DELETE/networks/subnets/subnet_00000000000000000000000000000001 (0.00s)
    --- PASS: TestNET05NetworkRoutesRejectInvalidTenantContextBeforeRPC/missing/GET/networks/operations/00000000-0000-4000-8000-000000000001 (0.00s)
    --- PASS: TestNET05NetworkRoutesRejectInvalidTenantContextBeforeRPC/invalid/POST/networks/vpcs (0.00s)
    --- PASS: TestNET05NetworkRoutesRejectInvalidTenantContextBeforeRPC/invalid/GET/networks/vpcs (0.00s)
    --- PASS: TestNET05NetworkRoutesRejectInvalidTenantContextBeforeRPC/invalid/GET/networks/vpcs/vpc_00000000000000000000000000000001 (0.00s)
    --- PASS: TestNET05NetworkRoutesRejectInvalidTenantContextBeforeRPC/invalid/DELETE/networks/vpcs/vpc_00000000000000000000000000000001 (0.00s)
    --- PASS: TestNET05NetworkRoutesRejectInvalidTenantContextBeforeRPC/invalid/POST/networks/subnets (0.00s)
    --- PASS: TestNET05NetworkRoutesRejectInvalidTenantContextBeforeRPC/invalid/GET/networks/subnets (0.00s)
    --- PASS: TestNET05NetworkRoutesRejectInvalidTenantContextBeforeRPC/invalid/GET/networks/subnets/subnet_00000000000000000000000000000001 (0.00s)
    --- PASS: TestNET05NetworkRoutesRejectInvalidTenantContextBeforeRPC/invalid/DELETE/networks/subnets/subnet_00000000000000000000000000000001 (0.00s)
    --- PASS: TestNET05NetworkRoutesRejectInvalidTenantContextBeforeRPC/invalid/GET/networks/operations/00000000-0000-4000-8000-000000000001 (0.00s)
    --- PASS: TestNET05NetworkRoutesRejectInvalidTenantContextBeforeRPC/zero/POST/networks/vpcs (0.00s)
    --- PASS: TestNET05NetworkRoutesRejectInvalidTenantContextBeforeRPC/zero/GET/networks/vpcs (0.00s)
    --- PASS: TestNET05NetworkRoutesRejectInvalidTenantContextBeforeRPC/zero/GET/networks/vpcs/vpc_00000000000000000000000000000001 (0.00s)
    --- PASS: TestNET05NetworkRoutesRejectInvalidTenantContextBeforeRPC/zero/DELETE/networks/vpcs/vpc_00000000000000000000000000000001 (0.00s)
    --- PASS: TestNET05NetworkRoutesRejectInvalidTenantContextBeforeRPC/zero/POST/networks/subnets (0.00s)
    --- PASS: TestNET05NetworkRoutesRejectInvalidTenantContextBeforeRPC/zero/GET/networks/subnets (0.00s)
    --- PASS: TestNET05NetworkRoutesRejectInvalidTenantContextBeforeRPC/zero/GET/networks/subnets/subnet_00000000000000000000000000000001 (0.00s)
    --- PASS: TestNET05NetworkRoutesRejectInvalidTenantContextBeforeRPC/zero/DELETE/networks/subnets/subnet_00000000000000000000000000000001 (0.00s)
    --- PASS: TestNET05NetworkRoutesRejectInvalidTenantContextBeforeRPC/zero/GET/networks/operations/00000000-0000-4000-8000-000000000001 (0.00s)
    --- PASS: TestNET05NetworkRoutesRejectInvalidTenantContextBeforeRPC/missing-context/POST/networks/vpcs (0.00s)
    --- PASS: TestNET05NetworkRoutesRejectInvalidTenantContextBeforeRPC/missing-context/GET/networks/vpcs (0.00s)
    --- PASS: TestNET05NetworkRoutesRejectInvalidTenantContextBeforeRPC/missing-context/GET/networks/vpcs/vpc_00000000000000000000000000000001 (0.00s)
    --- PASS: TestNET05NetworkRoutesRejectInvalidTenantContextBeforeRPC/missing-context/DELETE/networks/vpcs/vpc_00000000000000000000000000000001 (0.00s)
    --- PASS: TestNET05NetworkRoutesRejectInvalidTenantContextBeforeRPC/missing-context/POST/networks/subnets (0.00s)
    --- PASS: TestNET05NetworkRoutesRejectInvalidTenantContextBeforeRPC/missing-context/GET/networks/subnets (0.00s)
    --- PASS: TestNET05NetworkRoutesRejectInvalidTenantContextBeforeRPC/missing-context/GET/networks/subnets/subnet_00000000000000000000000000000001 (0.00s)
    --- PASS: TestNET05NetworkRoutesRejectInvalidTenantContextBeforeRPC/missing-context/DELETE/networks/subnets/subnet_00000000000000000000000000000001 (0.00s)
    --- PASS: TestNET05NetworkRoutesRejectInvalidTenantContextBeforeRPC/missing-context/GET/networks/operations/00000000-0000-4000-8000-000000000001 (0.00s)
    --- PASS: TestNET05NetworkRoutesRejectInvalidTenantContextBeforeRPC/inconsistent/POST/networks/vpcs (0.00s)
    --- PASS: TestNET05NetworkRoutesRejectInvalidTenantContextBeforeRPC/inconsistent/GET/networks/vpcs (0.00s)
    --- PASS: TestNET05NetworkRoutesRejectInvalidTenantContextBeforeRPC/inconsistent/GET/networks/vpcs/vpc_00000000000000000000000000000001 (0.00s)
    --- PASS: TestNET05NetworkRoutesRejectInvalidTenantContextBeforeRPC/inconsistent/DELETE/networks/vpcs/vpc_00000000000000000000000000000001 (0.00s)
    --- PASS: TestNET05NetworkRoutesRejectInvalidTenantContextBeforeRPC/inconsistent/POST/networks/subnets (0.00s)
    --- PASS: TestNET05NetworkRoutesRejectInvalidTenantContextBeforeRPC/inconsistent/GET/networks/subnets (0.00s)
    --- PASS: TestNET05NetworkRoutesRejectInvalidTenantContextBeforeRPC/inconsistent/GET/networks/subnets/subnet_00000000000000000000000000000001 (0.00s)
    --- PASS: TestNET05NetworkRoutesRejectInvalidTenantContextBeforeRPC/inconsistent/DELETE/networks/subnets/subnet_00000000000000000000000000000001 (0.00s)
    --- PASS: TestNET05NetworkRoutesRejectInvalidTenantContextBeforeRPC/inconsistent/GET/networks/operations/00000000-0000-4000-8000-000000000001 (0.00s)
PASS
ok  	github.com/kubercloud/ani/services/ani-gateway/internal/router	0.119s
